Workbook

Sheet 📋 Student Summary
A1: 📋 SHABAB BATCH 4 – STUDENT SUMMARY | All Parks | 2026-2027
A2: # | B2: Park | C2: Group | D2: Name | E2: Phone | F2: 📞 | G2: 💬 | H2: 📱Own | I2: Age | J2: Grade | K2: % Haazri | L2: P Count
A3: ="▶ Gulberg ("&SUMPRODUCT((LEN(D4:D76)>0)*1)&" students)" -> ▶ Gulberg (62 students)
A4: 1 | B4: Gulberg | C4: Group 1 | D4: =Gulberg!B26 -> Muhammad Umair | E4: =Gulberg!C26 -> '+923274088002 | F4: =IF(Gulberg!C26<>"",HYPERLINK("tel:"&SUBSTITUTE(SUBSTITUTE(Gulberg!C26,"+","+")," ",""),"📞"),"") -> 📞 | G4: =IF(Gulberg!C26<>"",HYPERLINK("https://wa.me/"&SUBSTITUTE(SUBSTITUTE(Gulberg!C26,"+","")," ",""),"💬"),"") -> 💬 | H4: =Gulberg!F26 | I4: =Gulberg!G26 -> 13.0 | J4: =Gulberg!H26 | K4: =Gulberg!CH26 -> 100% | L4: =Gulberg!CE26 -> 18
A5: 2 | B5: Gulberg | C5: Group 1 | D5: =Gulberg!B27 -> Muhammad Ahmad | E5: =Gulberg!C27 | F5: =IF(Gulberg!C27<>"",HYPERLINK("tel:"&SUBSTITUTE(SUBSTITUTE(Gulberg!C27,"+","+")," ",""),"📞"),"") | G5: =IF(Gulberg!C27<>"",HYPERLINK("https://wa.me/"&SUBSTITUTE(SUBSTITUTE(Gulberg!C27,"+","")," ",""),"💬"),"") | H5: =Gulberg!F27 | I5: =Gulberg!G27 -> 13.0 | J5: =Gulberg!H27 | K5: =Gulberg!CH27 -> 62% | L5: =Gulberg!CE27 -> 8
A6: 3 | B6: Gulberg | C6: Group 1 | D6: =Gulberg!B28 -> Muhammad Umar | E6: =Gulberg!C28 | F6: =IF(Gulberg!C28<>"",HYPERLINK("tel:"&SUBSTITUTE(SUBSTITUTE(Gulberg!C28,"+","+")," ",""),"📞"),"") | G6: =IF(Gulberg!C28<>"",HYPERLINK("https://wa.me/"&SUBSTITUTE(SUBSTITUTE(Gulberg!C28,"+","")," ",""),"💬"),"") | H6: =Gulberg!F28 | I6: =Gulberg!G28 -> 13.0 | J6: =Gulberg!H28 | K6: =Gulberg!CH28 -> 80% | L6: =Gulberg!CE28 -> 8
A7: 4 | B7: Gulberg | C7: Group 1 | D7: =Gulberg!B29 -> Muhammad Shoaib | E7: =Gulberg!C29 | F7: =IF(Gulberg!C29<>"",HYPERLINK("tel:"&SUBSTITUTE(SUBSTITUTE(Gulberg!C29,"+","+")," ",""),"📞"),"") | G7: =IF(Gulberg!C29<>"",HYPERLINK("https://wa.me/"&SUBSTITUTE(SUBSTITUTE(Gulberg!C29,"+","")," ",""),"💬"),"") | H7: =Gulberg!F29 | I7: =Gulberg!G29 -> 13.0 | J7: =Gulberg!H29 | K7: =Gulberg!CH29 -> 82% | L7: =Gulberg!CE29 -> 9
A8: 5 | B8: Gulberg | C8: Group 1 | D8: =Gulberg!B30 -> M Abdullah Qureshi | E8: =Gulberg!C30 | F8: =IF(Gulberg!C30<>"",HYPERLINK("tel:"&SUBSTITUTE(SUBSTITUTE(Gulberg!C30,"+","+")," ",""),"📞"),"") | G8: =IF(Gulberg!C30<>"",HYPERLINK("https://wa.me/"&SUBSTITUTE(SUBSTITUTE(Gulberg!C30,"+","")," ",""),"💬"),"") | H8: =Gulberg!F30 | I8: =Gulberg!G30 -> 14.0 | J8: =Gulberg!H30 -> 9th | K8: =Gulberg!CH30 -> 0% | L8: =Gulberg!CE30 -> 0
A9: 6 | B9: Gulberg | C9: Group 1 | D9: =Gulberg!B31 -> M.Moosa | E9: =Gulberg!C31 | F9: =IF(Gulberg!C31<>"",HYPERLINK("tel:"&SUBSTITUTE(SUBSTITUTE(Gulberg!C31,"+","+")," ",""),"📞"),"") | G9: =IF(Gulberg!C31<>"",HYPERLINK("https://wa.me/"&SUBSTITUTE(SUBSTITUTE(Gulberg!C31,"+","")," ",""),"💬"),"") | H9: =Gulberg!F31 | I9: =Gulberg!G31 -> 14.0 | J9: =Gulberg!H31 -> 10th | K9: =Gulberg!CH31 -> 100% | L9: =Gulberg!CE31 -> 18
A10: 7 | B10: Gulberg | C10: Group 1 | D10: =Gulberg!B32 -> Muhammad Abdullah Ahmad | E10: =Gulberg!C32 | F10: =IF(Gulberg!C32<>"",HYPERLINK("tel:"&SUBSTITUTE(SUBSTITUTE(Gulberg!C32,"+","+")," ",""),"📞"),"") | G10: =IF(Gulberg!C32<>"",HYPERLINK("https://wa.me/"&SUBSTITUTE(SUBSTITUTE(Gulberg!C32,"+","")," ",""),"💬"),"") | H10: =Gulberg!F32 | I10: =Gulberg!G32 -> 14.0 | J10: =Gulberg!H32 | K10: =Gulberg!CH32 -> 65% | L10: =Gulberg!CE32 -> 11
A11: 8 | B11: Gulberg | C11: Group 1 | D11: =Gulberg!B33 -> MUHAMMAD YOUSUF | E11: =Gulberg!C33 | F11: =IF(Gulberg!C33<>"",HYPERLINK("tel:"&SUBSTITUTE(SUBSTITUTE(Gulberg!C33,"+","+")," ",""),"📞"),"") | G11: =IF(Gulberg!C33<>"",HYPERLINK("https://wa.me/"&SUBSTITUTE(SUBSTITUTE(Gulberg!C33,"+","")," ",""),"💬"),"") | H11: =Gulberg!F33 | I11: =Gulberg!G33 -> 14.0 | J11: =Gulberg!H33 | K11: =Gulberg!CH33 -> 76% | L11: =Gulberg!CE33 -> 13
A12: 9 | B12: Gulberg | C12: Group 1 | D12: =Gulberg!B34 -> Muhammad Huzaifa saif | E12: =Gulberg!C34 -> '+923234977806 | F12: =IF(Gulberg!C34<>"",HYPERLINK("tel:"&SUBSTITUTE(SUBSTITUTE(Gulberg!C34,"+","+")," ",""),"📞"),"") -> 📞 | G12: =IF(Gulberg!C34<>"",HYPERLINK("https://wa.me/"&SUBSTITUTE(SUBSTITUTE(Gulberg!C34,"+","")," ",""),"💬"),"") -> 💬 | H12: =Gulberg!F34 | I12: =Gulberg!G34 -> 14.0 | J12: =Gulberg!H34 -> 9th | K12: =Gulberg!CH34 -> 94% | L12: =Gulberg!CE34 -> 16
A13: 10 | B13: Gulberg | C13: Group 1 | D13: =Gulberg!B35 -> Muhammad Yusha | E13: =Gulberg!C35 -> '+923334649728 | F13: =IF(Gulberg!C35<>"",HYPERLINK("tel:"&SUBSTITUTE(SUBSTITUTE(Gulberg!C35,"+","+")," ",""),"📞"),"") -> 📞 | G13: =IF(Gulberg!C35<>"",HYPERLINK("https://wa.me/"&SUBSTITUTE(SUBSTITUTE(Gulberg!C35,"+","")," ",""),"💬"),"") -> 💬 | H13: =Gulberg!F35 | I13: =Gulberg!G35 -> 14.0 | J13: =Gulberg!H35 -> 10th | K13: =Gulberg!CH35 -> 0% | L13: =Gulberg!CE35 -> 0
A14: 11 | B14: Gulberg | C14: Group 1 | D14: =Gulberg!B36 -> Muaz Zakariya Majid | E14: =Gulberg!C36 -> '+923334349783 | F14: =IF(Gulberg!C36<>"",HYPERLINK("tel:"&SUBSTITUTE(SUBSTITUTE(Gulberg!C36,"+","+")," ",""),"📞"),"") -> 📞 | G14: =IF(Gulberg!C36<>"",HYPERLINK("https://wa.me/"&SUBSTITUTE(SUBSTITUTE(Gulberg!C36,"+","")," ",""),"💬"),"") -> 💬 | H14: =Gulberg!F36 | I14: =Gulberg!G36 -> 14.0 | J14: =Gulberg!H36 -> Hafiz | K14: =Gulberg!CH36 -> 71% | L14: =Gulberg!CE36 -> 10
A15: 12 | B15: Gulberg | C15: Group 1 | D15: =Gulberg!B37 -> Muhammad Shaheer Shamsi | E15: =Gulberg!C37 -> '+923004188623 | F15: =IF(Gulberg!C37<>"",HYPERLINK("tel:"&SUBSTITUTE(SUBSTITUTE(Gulberg!C37,"+","+")," ",""),"📞"),"") -> 📞 | G15: =IF(Gulberg!C37<>"",HYPERLINK("https://wa.me/"&SUBSTITUTE(SUBSTITUTE(Gulberg!C37,"+","")," ",""),"💬"),"") -> 💬 | H15: =Gulberg!F37 | I15: =Gulberg!G37 -> 14.0 | J15: =Gulberg!H37 -> 9th | K15: =Gulberg!CH37 -> 88% | L15: =Gulberg!CE37 -> 15
... A21: 18 | B21: Gulberg | C21: Group 1 | D21: =Gulberg!B43 -> Abdul Moiz Shahid | E21: =Gulberg!C43 | F21: =IF(Gulberg!C43<>"",HYPERLINK("tel:"&SUBSTITUTE(SUBSTITUTE(Gulberg!C43,"+","+")," ",""),"📞"),"") | G21: =IF(Gulberg!C43<>"",HYPERLINK("https://wa.me/"&SUBSTITUTE(SUBSTITUTE(Gulberg!C43,"+","")," ",""),"💬"),"") | H21: =Gulberg!F43 | I21: =Gulberg!G43 | J21: =Gulberg!H43 | K21: =Gulberg!CH43 -> 44% | L21: =Gulberg!CE43 -> 4
A22: =IF(Gulberg!B44<>"",SUMPRODUCT((LEN(D4:D21)>0)*1)+1,"") -> 19 | B22: =IF(Gulberg!B44<>"","Gulberg","") -> Gulberg | C22: =IF(Gulberg!B44<>"","Group 1","") -> Group 1 | D22: =IF(Gulberg!B44<>"",Gulberg!B44,"") -> Arham | E22: =IF(Gulberg!B44<>"",Gulberg!C44,"") | F22: =IF(Gulberg!B44<>"",HYPERLINK("tel:"&SUBSTITUTE(SUBSTITUTE(Gulberg!C44,"+","+")," ",""),"📞"),"") -> 📞 | G22: =IF(Gulberg!B44<>"",HYPERLINK("https://wa.me/"&SUBSTITUTE(SUBSTITUTE(Gulberg!C44,"+","")," ",""),"💬"),"") -> 💬 | H22: =IF(Gulberg!B44<>"",Gulberg!F44,"") | I22: =IF(Gulberg!B44<>"",Gulberg!G44,"") -> 14 | J22: =IF(Gulberg!B44<>"",Gulberg!H44,"") | K22: =IF(Gulberg!B44<>"",Gulberg!CH44,"") -> 20% | L22: =IF(Gulberg!B44<>"",Gulberg!CE44,"") -> 1
A23: =IF(Gulberg!B45<>"",SUMPRODUCT((LEN(D4:D22)>0)*1)+1,"") -> 20 | B23: =IF(Gulberg!B45<>"","Gulberg","") -> Gulberg | C23: =IF(Gulberg!B45<>"","Group 1","") -> Group 1 | D23: =IF(Gulberg!B45<>"",Gulberg!B45,"") -> Muhammad Usama | E23: =IF(Gulberg!B45<>"",Gulberg!C45,"") -> +923171852200 | F23: =IF(Gulberg!B45<>"",HYPERLINK("tel:"&SUBSTITUTE(SUBSTITUTE(Gulberg!C45,"+","+")," ",""),"📞"),"") -> 📞 | G23: =IF(Gulberg!B45<>"",HYPERLINK("https://wa.me/"&SUBSTITUTE(SUBSTITUTE(Gulberg!C45,"+","")," ",""),"💬"),"") -> 💬 | H23: =IF(Gulberg!B45<>"",Gulberg!F45,"") | I23: =IF(Gulberg!B45<>"",Gulberg!G45,"") -> 14 | J23: =IF(Gulberg!B45<>"",Gulberg!H45,"") | K23: =IF(Gulberg!B45<>"",Gulberg!CH45,"") -> 100% | L23: =IF(Gulberg!B45<>"",Gulberg!CE45,"") -> 2
A24: =IF(Gulberg!B46<>"",SUMPRODUCT((LEN(D4:D23)>0)*1)+1,"") | B24: =IF(Gulberg!B46<>"","Gulberg","") | C24: =IF(Gulberg!B46<>"","Group 1","") | D24: =IF(Gulberg!B46<>"",Gulberg!B46,"") | E24: =IF(Gulberg!B46<>"",Gulberg!C46,"") | F24: =IF(Gulberg!B46<>"",HYPERLINK("tel:"&SUBSTITUTE(SUBSTITUTE(Gulberg!C46,"+","+")," ",""),"📞"),"") | G24: =IF(Gulberg!B46<>"",HYPERLINK("https://wa.me/"&SUBSTITUTE(SUBSTITUTE(Gulberg!C46,"+","")," ",""),"💬"),"") | H24: =IF(Gulberg!B46<>"",Gulberg!F46,"") | I24: =IF(Gulberg!B46<>"",Gulberg!G46,"") | J24: =IF(Gulberg!B46<>"",Gulberg!H46,"") | K24: =IF(Gulberg!B46<>"",Gulberg!CH46,"") | L24: =IF(Gulberg!B46<>"",Gulberg!CE46,"")
A25: =IF(Gulberg!B47<>"",SUMPRODUCT((LEN(D4:D24)>0)*1)+1,"") | B25: =IF(Gulberg!B47<>"","Gulberg","") | C25: =IF(Gulberg!B47<>"","Group 1","") | D25: =IF(Gulberg!B47<>"",Gulberg!B47,"") | E25: =IF(Gulberg!B47<>"",Gulberg!C47,"") | F25: =IF(Gulberg!B47<>"",HYPERLINK("tel:"&SUBSTITUTE(SUBSTITUTE(Gulberg!C47,"+","+")," ",""),"📞"),"") | G25: =IF(Gulberg!B47<>"",HYPERLINK("https://wa.me/"&SUBSTITUTE(SUBSTITUTE(Gulberg!C47,"+","")," ",""),"💬"),"") | H25: =IF(Gulberg!B47<>"",Gulberg!F47,"") | I25: =IF(Gulberg!B47<>"",Gulberg!G47,"") | J25: =IF(Gulberg!B47<>"",Gulberg!H47,"") | K25: =IF(Gulberg!B47<>"",Gulberg!CH47,"") | L25: =IF(Gulberg!B47<>"",Gulberg!CE47,"")
A26: =IF(Gulberg!B48<>"",SUMPRODUCT((LEN(D4:D25)>0)*1)+1,"") | B26: =IF(Gulberg!B48<>"","Gulberg","") | C26: =IF(Gulberg!B48<>"","Group 1","") | D26: =IF(Gulberg!B48<>"",Gulberg!B48,"") | E26: =IF(Gulberg!B48<>"",Gulberg!C48,"") | F26: =IF(Gulberg!B48<>"",HYPERLINK("tel:"&SUBSTITUTE(SUBSTITUTE(Gulberg!C48,"+","+")," ",""),"📞"),"") | G26: =IF(Gulberg!B48<>"",HYPERLINK("https://wa.me/"&SUBSTITUTE(SUBSTITUTE(Gulberg!C48,"+","")," ",""),"💬"),"") | H26: =IF(Gulberg!B48<>"",Gulberg!F48,"") | I26: =IF(Gulberg!B48<>"",Gulberg!G48,"") | J26: =IF(Gulberg!B48<>"",Gulberg!H48,"") | K26: =IF(Gulberg!B48<>"",Gulberg!CH48,"") | L26: =IF(Gulberg!B48<>"",Gulberg!CE48,"")
A27: 19 | B27: Gulberg | C27: Group 2 | D27: =Gulberg!B52 -> Muhammad Humayl Ali | E27: =Gulberg!C52 -> '+923008492494 | F27: =IF(Gulberg!C52<>"",HYPERLINK("tel:"&SUBSTITUTE(SUBSTITUTE(Gulberg!C52,"+","+")," ",""),"📞"),"") -> 📞 | G27: =IF(Gulberg!C52<>"",HYPERLINK("https://wa.me/"&SUBSTITUTE(SUBSTITUTE(Gulberg!C52,"+","")," ",""),"💬"),"") -> 💬 | H27: =Gulberg!F52 | I27: =Gulberg!G52 -> 15.0 | J27: =Gulberg!H52 | K27: =Gulberg!CH52 -> 72% | L27: =Gulberg!CE52 -> 13
A28: 20 | B28: Gulberg | C28: Group 2 | D28: =Gulberg!B53 -> Maaz Tahir | E28: =Gulberg!C53 -> '+923090809644 | F28: =IF(Gulberg!C53<>"",HYPERLINK("tel:"&SUBSTITUTE(SUBSTITUTE(Gulberg!C53,"+","+")," ",""),"📞"),"") -> 📞 | G28: =IF(Gulberg!C53<>"",HYPERLINK("https://wa.me/"&SUBSTITUTE(SUBSTITUTE(Gulberg!C53,"+","")," ",""),"💬"),"") -> 💬 | H28: =Gulberg!F53 | I28: =Gulberg!G53 -> 15.0 | J28: =Gulberg!H53 -> 9th | K28: =Gulberg!CH53 -> 78% | L28: =Gulberg!CE53 -> 14
A29: 21 | B29: Gulberg | C29: Group 2 | D29: =Gulberg!B54 -> M. Awais Zafar | E29: =Gulberg!C54 -> '+923114333457 | F29: =IF(Gulberg!C54<>"",HYPERLINK("tel:"&SUBSTITUTE(SUBSTITUTE(Gulberg!C54,"+","+")," ",""),"📞"),"") -> 📞 | G29: =IF(Gulberg!C54<>"",HYPERLINK("https://wa.me/"&SUBSTITUTE(SUBSTITUTE(Gulberg!C54,"+","")," ",""),"💬"),"") -> 💬 | H29: =Gulberg!F54 | I29: =Gulberg!G54 -> 16.0 | J29: =Gulberg!H54 -> 10th | K29: =Gulberg!CH54 -> 78% | L29: =Gulberg!CE54 -> 14
A30: 22 | B30: Gulberg | C30: Group 2 | D30: =Gulberg!B55 -> Muhammad Abdullah | E30: =Gulberg!C55 -> '+923274963532 | F30: =IF(Gulberg!C55<>"",HYPERLINK("tel:"&SUBSTITUTE(SUBSTITUTE(Gulberg!C55,"+","+")," ",""),"📞"),"") -> 📞 | G30: =IF(Gulberg!C55<>"",HYPERLINK("https://wa.me/"&SUBSTITUTE(SUBSTITUTE(Gulberg!C55,"+","")," ",""),"💬"),"") -> 💬 | H30: =Gulberg!F55 | I30: =Gulberg!G55 -> 16.0 | J30: =Gulberg!H55 -> 10th | K30: =Gulberg!CH55 -> 0% | L30: =Gulberg!CE55 -> 0
A31: 23 | B31: Gulberg | C31: Group 2 | D31: =Gulberg!B56 -> Ans Ramzan | E31: =Gulberg!C56 -> '+923285865741 | F31: =IF(Gulberg!C56<>"",HYPERLINK("tel:"&SUBSTITUTE(SUBSTITUTE(Gulberg!C56,"+","+")," ",""),"📞"),"") -> 📞 | G31: =IF(Gulberg!C56<>"",HYPERLINK("https://wa.me/"&SUBSTITUTE(SUBSTITUTE(Gulberg!C56,"+","")," ",""),"💬"),"") -> 💬 | H31: =Gulberg!F56 | I31: =Gulberg!G56 -> 16.0 | J31: =Gulberg!H56 | K31: =Gulberg!CH56 -> 0% | L31: =Gulberg!CE56 -> 0
A32: 24 | B32: Gulberg | C32: Group 2 | D32: =Gulberg!B57 -> M. Ali Nasir | E32: =Gulberg!C57 -> '+923214151591 | F32: =IF(Gulberg!C57<>"",HYPERLINK("tel:"&SUBSTITUTE(SUBSTITUTE(Gulberg!C57,"+","+")," ",""),"📞"),"") -> 📞 | G32: =IF(Gulberg!C57<>"",HYPERLINK("https://wa.me/"&SUBSTITUTE(SUBSTITUTE(Gulberg!C57,"+","")," ",""),"💬"),"") -> 💬 | H32: =Gulberg!F57 | I32: =Gulberg!G57 -> 16.0 | J32: =Gulberg!H57 -> O Level | K32: =Gulberg!CH57 -> 28% | L32: =Gulberg!CE57 -> 5
A33: 25 | B33: Gulberg | C33: Group 2 | D33: =Gulberg!B58 -> M.wahaj Ahmed | E33: =Gulberg!C58 -> '+923215845260 | F33: =IF(Gulberg!C58<>"",HYPERLINK("tel:"&SUBSTITUTE(SUBSTITUTE(Gulberg!C58,"+","+")," ",""),"📞"),"") -> 📞 | G33: =IF(Gulberg!C58<>"",HYPERLINK("https://wa.me/"&SUBSTITUTE(SUBSTITUTE(Gulberg!C58,"+","")," ",""),"💬"),"") -> 💬 | H33: =Gulberg!F58 | I33: =Gulberg!G58 -> 16.0 | J33: =Gulberg!H58 -> 10th | K33: =Gulberg!CH58 -> 100% | L33: =Gulberg!CE58 -> 15
A34: 26 | B34: Gulberg | C34: Group 2 | D34: =Gulberg!B59 -> Abdur Rehman Yahya | E34: =Gulberg!C59 -> '+923259753363 | F34: =IF(Gulberg!C59<>"",HYPERLINK("tel:"&SUBSTITUTE(SUBSTITUTE(Gulberg!C59,"+","+")," ",""),"📞"),"") -> 📞 | G34: =IF(Gulberg!C59<>"",HYPERLINK("https://wa.me/"&SUBSTITUTE(SUBSTITUTE(Gulberg!C59,"+","")," ",""),"💬"),"") -> 💬 | H34: =Gulberg!F59 | I34: =Gulberg!G59 -> 16.0 | J34: =Gulberg!H59 -> 11th | K34: =Gulberg!CH59 -> 77% | L34: =Gulberg!CE59 -> 10
A35: 27 | B35: Gulberg | C35: Group 2 | D35: =Gulberg!B60 -> Zawar hussain | E35: =Gulberg!C60 -> '+923230011678 | F35: =IF(Gulberg!C60<>"",HYPERLINK("tel:"&SUBSTITUTE(SUBSTITUTE(Gulberg!C60,"+","+")," ",""),"📞"),"") -> 📞 | G35: =IF(Gulberg!C60<>"",HYPERLINK("https://wa.me/"&SUBSTITUTE(SUBSTITUTE(Gulberg!C60,"+","")," ",""),"💬"),"") -> 💬 | H35: =Gulberg!F60 | I35: =Gulberg!G60 -> 16.0 | J35: =Gulberg!H60 | K35: =Gulberg!CH60 -> 56% | L35: =Gulberg!CE60 -> 9
A36: 28 | B36: Gulberg | C36: Group 2 | D36: =Gulberg!B61 -> Hamza Muslim | E36: =Gulberg!C61 -> '+923288183734 | F36: =IF(Gulberg!C61<>"",HYPERLINK("tel:"&SUBSTITUTE(SUBSTITUTE(Gulberg!C61,"+","+")," ",""),"📞"),"") -> 📞 | G36: =IF(Gulberg!C61<>"",HYPERLINK("https://wa.me/"&SUBSTITUTE(SUBSTITUTE(Gulberg!C61,"+","")," ",""),"💬"),"") -> 💬 | H36: =Gulberg!F61 | I36: =Gulberg!G61 -> 16.0 | J36: =Gulberg!H61 | K36: =Gulberg!CH61 -> 53% | L36: =Gulberg!CE61 -> 8
A37: 29 | B37: Gulberg | C37: Group 2 | D37: =Gulberg!B62 -> Muhammad Azaan | E37: =Gulberg!C62 -> '+923095376062 | F37: =IF(Gulberg!C62<>"",HYPERLINK("tel:"&SUBSTITUTE(SUBSTITUTE(Gulberg!C62,"+","+")," ",""),"📞"),"") -> 📞 | G37: =IF(Gulberg!C62<>"",HYPERLINK("https://wa.me/"&SUBSTITUTE(SUBSTITUTE(Gulberg!C62,"+","")," ",""),"💬"),"") -> 💬 | H37: =Gulberg!F62 | I37: =Gulberg!G62 -> 17.0 | J37: =Gulberg!H62 | K37: =Gulberg!CH62 -> 22% | L37: =Gulberg!CE62 -> 2
A38: 30 | B38: Gulberg | C38: Group 2 | D38: =Gulberg!B63 -> Mohammad Zain Ghani | E38: =Gulberg!C63 -> '+923043337555 | F38: =IF(Gulberg!C63<>"",HYPERLINK("tel:"&SUBSTITUTE(SUBSTITUTE(Gulberg!C63,"+","+")," ",""),"📞"),"") -> 📞 | G38: =IF(Gulberg!C63<>"",HYPERLINK("https://wa.me/"&SUBSTITUTE(SUBSTITUTE(Gulberg!C63,"+","")," ",""),"💬"),"") -> 💬 | H38: =Gulberg!F63 | I38: =Gulberg!G63 -> 16.0 | J38: =Gulberg!H63 | K38: =Gulberg!CH63 -> 80% | L38: =Gulberg!CE63 -> 12
... A48: 40 | B48: Gulberg | C48: Group 2 | D48: =Gulberg!B73 -> Noman bin Saif | E48: =Gulberg!C73 | F48: =IF(Gulberg!C73<>"",HYPERLINK("tel:"&SUBSTITUTE(SUBSTITUTE(Gulberg!C73,"+","+")," ",""),"📞"),"") | G48: =IF(Gulberg!C73<>"",HYPERLINK("https://wa.me/"&SUBSTITUTE(SUBSTITUTE(Gulberg!C73,"+","")," ",""),"💬"),"") | H48: =Gulberg!F73 | I48: =Gulberg!G73 | J48: =Gulberg!H73 | K48: =Gulberg!CH73 -> 100% | L48: =Gulberg!CE73 -> 3
A49: =IF(Gulberg!B74<>"",SUMPRODUCT((LEN(D4:D48)>0)*1)+1,"") -> 43 | B49: =IF(Gulberg!B74<>"","Gulberg","") -> Gulberg | C49: =IF(Gulberg!B74<>"","Group 2","") -> Group 2 | D49: =IF(Gulberg!B74<>"",Gulberg!B74,"") -> Muhammad Awais | E49: =IF(Gulberg!B74<>"",Gulberg!C74,"") -> +923214551484 | F49: =IF(Gulberg!B74<>"",HYPERLINK("tel:"&SUBSTITUTE(SUBSTITUTE(Gulberg!C74,"+","+")," ",""),"📞"),"") -> 📞 | G49: =IF(Gulberg!B74<>"",HYPERLINK("https://wa.me/"&SUBSTITUTE(SUBSTITUTE(Gulberg!C74,"+","")," ",""),"💬"),"") -> 💬 | H49: =IF(Gulberg!B74<>"",Gulberg!F74,"") | I49: =IF(Gulberg!B74<>"",Gulberg!G74,"") -> 16 | J49: =IF(Gulberg!B74<>"",Gulberg!H74,"") | K49: =IF(Gulberg!B74<>"",Gulberg!CH74,"") -> 100% | L49: =IF(Gulberg!B74<>"",Gulberg!CE74,"") -> 1
A50: =IF(Gulberg!B75<>"",SUMPRODUCT((LEN(D4:D49)>0)*1)+1,"") | B50: =IF(Gulberg!B75<>"","Gulberg","") | C50: =IF(Gulberg!B75<>"","Group 2","") | D50: =IF(Gulberg!B75<>"",Gulberg!B75,"") | E50: =IF(Gulberg!B75<>"",Gulberg!C75,"") | F50: =IF(Gulberg!B75<>"",HYPERLINK("tel:"&SUBSTITUTE(SUBSTITUTE(Gulberg!C75,"+","+")," ",""),"📞"),"") | G50: =IF(Gulberg!B75<>"",HYPERLINK("https://wa.me/"&SUBSTITUTE(SUBSTITUTE(Gulberg!C75,"+","")," ",""),"💬"),"") | H50: =IF(Gulberg!B75<>"",Gulberg!F75,"") | I50: =IF(Gulberg!B75<>"",Gulberg!G75,"") | J50: =IF(Gulberg!B75<>"",Gulberg!H75,"") | K50: =IF(Gulberg!B75<>"",Gulberg!CH75,"") | L50: =IF(Gulberg!B75<>"",Gulberg!CE75,"")
A51: =IF(Gulberg!B76<>"",SUMPRODUCT((LEN(D4:D50)>0)*1)+1,"") | B51: =IF(Gulberg!B76<>"","Gulberg","") | C51: =IF(Gulberg!B76<>"","Group 2","") | D51: =IF(Gulberg!B76<>"",Gulberg!B76,"") | E51: =IF(Gulberg!B76<>"",Gulberg!C76,"") | F51: =IF(Gulberg!B76<>"",HYPERLINK("tel:"&SUBSTITUTE(SUBSTITUTE(Gulberg!C76,"+","+")," ",""),"📞"),"") | G51: =IF(Gulberg!B76<>"",HYPERLINK("https://wa.me/"&SUBSTITUTE(SUBSTITUTE(Gulberg!C76,"+","")," ",""),"💬"),"") | H51: =IF(Gulberg!B76<>"",Gulberg!F76,"") | I51: =IF(Gulberg!B76<>"",Gulberg!G76,"") | J51: =IF(Gulberg!B76<>"",Gulberg!H76,"") | K51: =IF(Gulberg!B76<>"",Gulberg!CH76,"") | L51: =IF(Gulberg!B76<>"",Gulberg!CE76,"")
A52: =IF(Gulberg!B77<>"",SUMPRODUCT((LEN(D4:D51)>0)*1)+1,"") | B52: =IF(Gulberg!B77<>"","Gulberg","") | C52: =IF(Gulberg!B77<>"","Group 2","") | D52: =IF(Gulberg!B77<>"",Gulberg!B77,"") | E52: =IF(Gulberg!B77<>"",Gulberg!C77,"") | F52: =IF(Gulberg!B77<>"",HYPERLINK("tel:"&SUBSTITUTE(SUBSTITUTE(Gulberg!C77,"+","+")," ",""),"📞"),"") | G52: =IF(Gulberg!B77<>"",HYPERLINK("https://wa.me/"&SUBSTITUTE(SUBSTITUTE(Gulberg!C77,"+","")," ",""),"💬"),"") | H52: =IF(Gulberg!B77<>"",Gulberg!F77,"") | I52: =IF(Gulberg!B77<>"",Gulberg!G77,"") | J52: =IF(Gulberg!B77<>"",Gulberg!H77,"") | K52: =IF(Gulberg!B77<>"",Gulberg!CH77,"") | L52: =IF(Gulberg!B77<>"",Gulberg!CE77,"")
A53: =IF(Gulberg!B78<>"",SUMPRODUCT((LEN(D4:D52)>0)*1)+1,"") | B53: =IF(Gulberg!B78<>"","Gulberg","") | C53: =IF(Gulberg!B78<>"","Group 2","") | D53: =IF(Gulberg!B78<>"",Gulberg!B78,"") | E53: =IF(Gulberg!B78<>"",Gulberg!C78,"") | F53: =IF(Gulberg!B78<>"",HYPERLINK("tel:"&SUBSTITUTE(SUBSTITUTE(Gulberg!C78,"+","+")," ",""),"📞"),"") | G53: =IF(Gulberg!B78<>"",HYPERLINK("https://wa.me/"&SUBSTITUTE(SUBSTITUTE(Gulberg!C78,"+","")," ",""),"💬"),"") | H53: =IF(Gulberg!B78<>"",Gulberg!F78,"") | I53: =IF(Gulberg!B78<>"",Gulberg!G78,"") | J53: =IF(Gulberg!B78<>"",Gulberg!H78,"") | K53: =IF(Gulberg!B78<>"",Gulberg!CH78,"") | L53: =IF(Gulberg!B78<>"",Gulberg!CE78,"")
A54: 41 | B54: Gulberg | C54: Group 3 | D54: =Gulberg!B82 -> Muhammad Talal | E54: =Gulberg!C82 -> '+923289779626 | F54: =IF(Gulberg!C82<>"",HYPERLINK("tel:"&SUBSTITUTE(SUBSTITUTE(Gulberg!C82,"+","+")," ",""),"📞"),"") -> 📞 | G54: =IF(Gulberg!C82<>"",HYPERLINK("https://wa.me/"&SUBSTITUTE(SUBSTITUTE(Gulberg!C82,"+","")," ",""),"💬"),"") -> 💬 | H54: =Gulberg!F82 | I54: =Gulberg!G82 -> 17.0 | J54: =Gulberg!H82 | K54: =Gulberg!CH82 -> 11% | L54: =Gulberg!CE82 -> 1
A55: 42 | B55: Gulberg | C55: Group 3 | D55: =Gulberg!B83 -> Muhammad Ahmad | E55: =Gulberg!C83 -> '+923004433014 | F55: =IF(Gulberg!C83<>"",HYPERLINK("tel:"&SUBSTITUTE(SUBSTITUTE(Gulberg!C83,"+","+")," ",""),"📞"),"") -> 📞 | G55: =IF(Gulberg!C83<>"",HYPERLINK("https://wa.me/"&SUBSTITUTE(SUBSTITUTE(Gulberg!C83,"+","")," ",""),"💬"),"") -> 💬 | H55: =Gulberg!F83 | I55: =Gulberg!G83 -> 17.0 | J55: =Gulberg!H83 | K55: =Gulberg!CH83 -> 8% | L55: =Gulberg!CE83 -> 1
A56: 43 | B56: Gulberg | C56: Group 3 | D56: =Gulberg!B84 -> Ali zaka | E56: =Gulberg!C84 -> '+923176787922 | F56: =IF(Gulberg!C84<>"",HYPERLINK("tel:"&SUBSTITUTE(SUBSTITUTE(Gulberg!C84,"+","+")," ",""),"📞"),"") -> 📞 | G56: =IF(Gulberg!C84<>"",HYPERLINK("https://wa.me/"&SUBSTITUTE(SUBSTITUTE(Gulberg!C84,"+","")," ",""),"💬"),"") -> 💬 | H56: =Gulberg!F84 | I56: =Gulberg!G84 -> 17.0 | J56: =Gulberg!H84 -> 10th | K56: =Gulberg!CH84 -> 82% | L56: =Gulberg!CE84 -> 14
A57: 44 | B57: Gulberg | C57: Group 3 | D57: =Gulberg!B85 -> Hafiz Huzaifa | E57: =Gulberg!C85 -> '+923347103608 | F57: =IF(Gulberg!C85<>"",HYPERLINK("tel:"&SUBSTITUTE(SUBSTITUTE(Gulberg!C85,"+","+")," ",""),"📞"),"") -> 📞 | G57: =IF(Gulberg!C85<>"",HYPERLINK("https://wa.me/"&SUBSTITUTE(SUBSTITUTE(Gulberg!C85,"+","")," ",""),"💬"),"") -> 💬 | H57: =Gulberg!F85 | I57: =Gulberg!G85 -> 17.0 | J57: =Gulberg!H85 -> 10th | K57: =Gulberg!CH85 -> 94% | L57: =Gulberg!CE85 -> 15
A58: 45 | B58: Gulberg | C58: Group 3 | D58: =Gulberg!B86 -> Shazil Ali | E58: =Gulberg!C86 -> '+923147585002 | F58: =IF(Gulberg!C86<>"",HYPERLINK("tel:"&SUBSTITUTE(SUBSTITUTE(Gulberg!C86,"+","+")," ",""),"📞"),"") -> 📞 | G58: =IF(Gulberg!C86<>"",HYPERLINK("https://wa.me/"&SUBSTITUTE(SUBSTITUTE(Gulberg!C86,"+","")," ",""),"💬"),"") -> 💬 | H58: =Gulberg!F86 | I58: =Gulberg!G86 -> 20 | J58: =Gulberg!H86 -> 12th | K58: =Gulberg!CH86 -> 0% | L58: =Gulberg!CE86 -> 0
A59: 46 | B59: Gulberg | C59: Group 3 | D59: =Gulberg!B87 -> Muhammad Abdullah Maqbool | E59: =Gulberg!C87 -> '+923264147680 | F59: =IF(Gulberg!C87<>"",HYPERLINK("tel:"&SUBSTITUTE(SUBSTITUTE(Gulberg!C87,"+","+")," ",""),"📞"),"") -> 📞 | G59: =IF(Gulberg!C87<>"",HYPERLINK("https://wa.me/"&SUBSTITUTE(SUBSTITUTE(Gulberg!C87,"+","")," ",""),"💬"),"") -> 💬 | H59: =Gulberg!F87 | I59: =Gulberg!G87 -> 19.0 | J59: =Gulberg!H87 -> O Level | K59: =Gulberg!CH87 -> 81% | L59: =Gulberg!CE87 -> 13
A60: 47 | B60: Gulberg | C60: Group 3 | D60: =Gulberg!B88 -> Hussain Toufique | E60: =Gulberg!C88 -> '+923220140118 | F60: =IF(Gulberg!C88<>"",HYPERLINK("tel:"&SUBSTITUTE(SUBSTITUTE(Gulberg!C88,"+","+")," ",""),"📞"),"") -> 📞 | G60: =IF(Gulberg!C88<>"",HYPERLINK("https://wa.me/"&SUBSTITUTE(SUBSTITUTE(Gulberg!C88,"+","")," ",""),"💬"),"") -> 💬 | H60: =Gulberg!F88 | I60: =Gulberg!G88 -> 19.0 | J60: =Gulberg!H88 | K60: =Gulberg!CH88 -> 81% | L60: =Gulberg!CE88 -> 13
A61: 48 | B61: Gulberg | C61: Group 3 | D61: =Gulberg!B89 -> Muhammad Hamza | E61: =Gulberg!C89 -> '+923214176029 | F61: =IF(Gulberg!C89<>"",HYPERLINK("tel:"&SUBSTITUTE(SUBSTITUTE(Gulberg!C89,"+","+")," ",""),"📞"),"") -> 📞 | G61: =IF(Gulberg!C89<>"",HYPERLINK("https://wa.me/"&SUBSTITUTE(SUBSTITUTE(Gulberg!C89,"+","")," ",""),"💬"),"") -> 💬 | H61: =Gulberg!F89 | I61: =Gulberg!G89 -> 25.0 | J61: =Gulberg!H89 | K61: =Gulberg!CH89 -> 0% | L61: =Gulberg!CE89 -> 0
A62: 49 | B62: Gulberg | C62: Group 3 | D62: =Gulberg!B90 -> Hafiz Muhammad awais | E62: =Gulberg!C90 -> '+923214551484 | F62: =IF(Gulberg!C90<>"",HYPERLINK("tel:"&SUBSTITUTE(SUBSTITUTE(Gulberg!C90,"+","+")," ",""),"📞"),"") -> 📞 | G62: =IF(Gulberg!C90<>"",HYPERLINK("https://wa.me/"&SUBSTITUTE(SUBSTITUTE(Gulberg!C90,"+","")," ",""),"💬"),"") -> 💬 | H62: =Gulberg!F90 | I62: =Gulberg!G90 | J62: =Gulberg!H90 | K62: =Gulberg!CH90 -> 0% | L62: =Gulberg!CE90 -> 0
A63: 50 | B63: Gulberg | C63: Group 3 | D63: =Gulberg!B91 -> Yousaf Ahmad | E63: =Gulberg!C91 -> '+923044885267 | F63: =IF(Gulberg!C91<>"",HYPERLINK("tel:"&SUBSTITUTE(SUBSTITUTE(Gulberg!C91,"+","+")," ",""),"📞"),"") -> 📞 | G63: =IF(Gulberg!C91<>"",HYPERLINK("https://wa.me/"&SUBSTITUTE(SUBSTITUTE(Gulberg!C91,"+","")," ",""),"💬"),"") -> 💬 | H63: =Gulberg!F91 | I63: =Gulberg!G91 -> 20 | J63: =Gulberg!H91 | K63: =Gulberg!CH91 -> 59% | L63: =Gulberg!CE91 -> 10
A64: 51 | B64: Gulberg | C64: Group 3 | D64: =Gulberg!B92 -> Muhammad Aqib | E64: =Gulberg!C92 -> '+923214511345 | F64: =IF(Gulberg!C92<>"",HYPERLINK("tel:"&SUBSTITUTE(SUBSTITUTE(Gulberg!C92,"+","+")," ",""),"📞"),"") -> 📞 | G64: =IF(Gulberg!C92<>"",HYPERLINK("https://wa.me/"&SUBSTITUTE(SUBSTITUTE(Gulberg!C92,"+","")," ",""),"💬"),"") -> 💬 | H64: =Gulberg!F92 | I64: =Gulberg!G92 -> 20 | J64: =Gulberg!H92 | K64: =Gulberg!CH92 -> 94% | L64: =Gulberg!CE92 -> 15
A65: 52 | B65: Gulberg | C65: Group 3 | D65: =Gulberg!B93 -> Saadat Bashir | E65: =Gulberg!C93 -> '+923264765502 | F65: =IF(Gulberg!C93<>"",HYPERLINK("tel:"&SUBSTITUTE(SUBSTITUTE(Gulberg!C93,"+","+")," ",""),"📞"),"") -> 📞 | G65: =IF(Gulberg!C93<>"",HYPERLINK("https://wa.me/"&SUBSTITUTE(SUBSTITUTE(Gulberg!C93,"+","")," ",""),"💬"),"") -> 💬 | H65: =Gulberg!F93 | I65: =Gulberg!G93 -> 18 | J65: =Gulberg!H93 | K65: =Gulberg!CH93 -> 40% | L65: =Gulberg!CE93 -> 6
... A71: 58 | B71: Gulberg | C71: Group 3 | D71: =Gulberg!B99 -> Riasat Ali | E71: =Gulberg!C99 | F71: =IF(Gulberg!C99<>"",HYPERLINK("tel:"&SUBSTITUTE(SUBSTITUTE(Gulberg!C99,"+","+")," ",""),"📞"),"") | G71: =IF(Gulberg!C99<>"",HYPERLINK("https://wa.me/"&SUBSTITUTE(SUBSTITUTE(Gulberg!C99,"+","")," ",""),"💬"),"") | H71: =Gulberg!F99 | I71: =Gulberg!G99 | J71: =Gulberg!H99 | K71: =Gulberg!CH99 -> 67% | L71: =Gulberg!CE99 -> 8
A72: =IF(Gulberg!B100<>"",SUMPRODUCT((LEN(D4:D71)>0)*1)+1,"") -> 62 | B72: =IF(Gulberg!B100<>"","Gulberg","") -> Gulberg | C72: =IF(Gulberg!B100<>"","Group 3","") -> Group 3 | D72: =IF(Gulberg!B100<>"",Gulberg!B100,"") -> Muzamil | E72: =IF(Gulberg!B100<>"",Gulberg!C100,"") -> 0324 9626002 | F72: =IF(Gulberg!B100<>"",HYPERLINK("tel:"&SUBSTITUTE(SUBSTITUTE(Gulberg!C100,"+","+")," ",""),"📞"),"") -> 📞 | G72: =IF(Gulberg!B100<>"",HYPERLINK("https://wa.me/"&SUBSTITUTE(SUBSTITUTE(Gulberg!C100,"+","")," ",""),"💬"),"") -> 💬 | H72: =IF(Gulberg!B100<>"",Gulberg!F100,"") | I72: =IF(Gulberg!B100<>"",Gulberg!G100,"") -> 17 | J72: =IF(Gulberg!B100<>"",Gulberg!H100,"") | K72: =IF(Gulberg!B100<>"",Gulberg!CH100,"") -> 50% | L72: =IF(Gulberg!B100<>"",Gulberg!CE100,"") -> 2
A73: =IF(Gulberg!B101<>"",SUMPRODUCT((LEN(D4:D72)>0)*1)+1,"") | B73: =IF(Gulberg!B101<>"","Gulberg","") | C73: =IF(Gulberg!B101<>"","Group 3","") | D73: =IF(Gulberg!B101<>"",Gulberg!B101,"") | E73: =IF(Gulberg!B101<>"",Gulberg!C101,"") | F73: =IF(Gulberg!B101<>"",HYPERLINK("tel:"&SUBSTITUTE(SUBSTITUTE(Gulberg!C101,"+","+")," ",""),"📞"),"") | G73: =IF(Gulberg!B101<>"",HYPERLINK("https://wa.me/"&SUBSTITUTE(SUBSTITUTE(Gulberg!C101,"+","")," ",""),"💬"),"") | H73: =IF(Gulberg!B101<>"",Gulberg!F101,"") | I73: =IF(Gulberg!B101<>"",Gulberg!G101,"") | J73: =IF(Gulberg!B101<>"",Gulberg!H101,"") | K73: =IF(Gulberg!B101<>"",Gulberg!CH101,"") | L73: =IF(Gulberg!B101<>"",Gulberg!CE101,"")
A74: =IF(Gulberg!B102<>"",SUMPRODUCT((LEN(D4:D73)>0)*1)+1,"") | B74: =IF(Gulberg!B102<>"","Gulberg","") | C74: =IF(Gulberg!B102<>"","Group 3","") | D74: =IF(Gulberg!B102<>"",Gulberg!B102,"") | E74: =IF(Gulberg!B102<>"",Gulberg!C102,"") | F74: =IF(Gulberg!B102<>"",HYPERLINK("tel:"&SUBSTITUTE(SUBSTITUTE(Gulberg!C102,"+","+")," ",""),"📞"),"") | G74: =IF(Gulberg!B102<>"",HYPERLINK("https://wa.me/"&SUBSTITUTE(SUBSTITUTE(Gulberg!C102,"+","")," ",""),"💬"),"") | H74: =IF(Gulberg!B102<>"",Gulberg!F102,"") | I74: =IF(Gulberg!B102<>"",Gulberg!G102,"") | J74: =IF(Gulberg!B102<>"",Gulberg!H102,"") | K74: =IF(Gulberg!B102<>"",Gulberg!CH102,"") | L74: =IF(Gulberg!B102<>"",Gulberg!CE102,"")
A75: =IF(Gulberg!B103<>"",SUMPRODUCT((LEN(D4:D74)>0)*1)+1,"") | B75: =IF(Gulberg!B103<>"","Gulberg","") | C75: =IF(Gulberg!B103<>"","Group 3","") | D75: =IF(Gulberg!B103<>"",Gulberg!B103,"") | E75: =IF(Gulberg!B103<>"",Gulberg!C103,"") | F75: =IF(Gulberg!B103<>"",HYPERLINK("tel:"&SUBSTITUTE(SUBSTITUTE(Gulberg!C103,"+","+")," ",""),"📞"),"") | G75: =IF(Gulberg!B103<>"",HYPERLINK("https://wa.me/"&SUBSTITUTE(SUBSTITUTE(Gulberg!C103,"+","")," ",""),"💬"),"") | H75: =IF(Gulberg!B103<>"",Gulberg!F103,"") | I75: =IF(Gulberg!B103<>"",Gulberg!G103,"") | J75: =IF(Gulberg!B103<>"",Gulberg!H103,"") | K75: =IF(Gulberg!B103<>"",Gulberg!CH103,"") | L75: =IF(Gulberg!B103<>"",Gulberg!CE103,"")
A76: =IF(Gulberg!B104<>"",SUMPRODUCT((LEN(D4:D75)>0)*1)+1,"") | B76: =IF(Gulberg!B104<>"","Gulberg","") | C76: =IF(Gulberg!B104<>"","Group 3","") | D76: =IF(Gulberg!B104<>"",Gulberg!B104,"") | E76: =IF(Gulberg!B104<>"",Gulberg!C104,"") | F76: =IF(Gulberg!B104<>"",HYPERLINK("tel:"&SUBSTITUTE(SUBSTITUTE(Gulberg!C104,"+","+")," ",""),"📞"),"") | G76: =IF(Gulberg!B104<>"",HYPERLINK("https://wa.me/"&SUBSTITUTE(SUBSTITUTE(Gulberg!C104,"+","")," ",""),"💬"),"") | H76: =IF(Gulberg!B104<>"",Gulberg!F104,"") | I76: =IF(Gulberg!B104<>"",Gulberg!G104,"") | J76: =IF(Gulberg!B104<>"",Gulberg!H104,"") | K76: =IF(Gulberg!B104<>"",Gulberg!CH104,"") | L76: =IF(Gulberg!B104<>"",Gulberg!CE104,"")
A78: ="▶ Gulshan Iqbal ("&SUMPRODUCT((LEN(D79:D148)>0)*1)&" students)" -> ▶ Gulshan Iqbal (58 students)
A79: 59 | B79: Gulshan Iqbal | C79: Group 1 | D79: =Gulshan_Iqbal!B21 -> Muhammad Sarim | E79: =Gulshan_Iqbal!C21 -> '+923298162676 | F79: =IF(Gulshan_Iqbal!C21<>"",HYPERLINK("tel:"&SUBSTITUTE(SUBSTITUTE(Gulshan_Iqbal!C21,"+","+")," ",""),"📞"),"") -> 📞 | G79: =IF(Gulshan_Iqbal!C21<>"",HYPERLINK("https://wa.me/"&SUBSTITUTE(SUBSTITUTE(Gulshan_Iqbal!C21,"+","")," ",""),"💬"),"") -> 💬 | H79: =Gulshan_Iqbal!F21 | I79: =Gulshan_Iqbal!G21 -> 13.0 | J79: =Gulshan_Iqbal!H21 | K79: =Gulshan_Iqbal!CH21 -> 28% | L79: =Gulshan_Iqbal!CE21 -> 5
A80: 60 | B80: Gulshan Iqbal | C80: Group 1 | D80: =Gulshan_Iqbal!B22 -> Muhammad Arham khan | E80: =Gulshan_Iqbal!C22 | F80: =IF(Gulshan_Iqbal!C22<>"",HYPERLINK("tel:"&SUBSTITUTE(SUBSTITUTE(Gulshan_Iqbal!C22,"+","+")," ",""),"📞"),"") | G80: =IF(Gulshan_Iqbal!C22<>"",HYPERLINK("https://wa.me/"&SUBSTITUTE(SUBSTITUTE(Gulshan_Iqbal!C22,"+","")," ",""),"💬"),"") | H80: =Gulshan_Iqbal!F22 | I80: =Gulshan_Iqbal!G22 -> 13.0 | J80: =Gulshan_Iqbal!H22 | K80: =Gulshan_Iqbal!CH22 -> 62% | L80: =Gulshan_Iqbal!CE22 -> 8
A81: 61 | B81: Gulshan Iqbal | C81: Group 1 | D81: =Gulshan_Iqbal!B23 -> Mohammed Anas Faisal | E81: =Gulshan_Iqbal!C23 -> '+923494571867 | F81: =IF(Gulshan_Iqbal!C23<>"",HYPERLINK("tel:"&SUBSTITUTE(SUBSTITUTE(Gulshan_Iqbal!C23,"+","+")," ",""),"📞"),"") -> 📞 | G81: =IF(Gulshan_Iqbal!C23<>"",HYPERLINK("https://wa.me/"&SUBSTITUTE(SUBSTITUTE(Gulshan_Iqbal!C23,"+","")," ",""),"💬"),"") -> 💬 | H81: =Gulshan_Iqbal!F23 | I81: =Gulshan_Iqbal!G23 -> 14.0 | J81: =Gulshan_Iqbal!H23 -> 10th | K81: =Gulshan_Iqbal!CH23 -> 69% | L81: =Gulshan_Iqbal!CE23 -> 11
A82: 62 | B82: Gulshan Iqbal | C82: Group 1 | D82: =Gulshan_Iqbal!B24 -> Muhammad Mohid | E82: =Gulshan_Iqbal!C24 | F82: =IF(Gulshan_Iqbal!C24<>"",HYPERLINK("tel:"&SUBSTITUTE(SUBSTITUTE(Gulshan_Iqbal!C24,"+","+")," ",""),"📞"),"") | G82: =IF(Gulshan_Iqbal!C24<>"",HYPERLINK("https://wa.me/"&SUBSTITUTE(SUBSTITUTE(Gulshan_Iqbal!C24,"+","")," ",""),"💬"),"") | H82: =Gulshan_Iqbal!F24 | I82: =Gulshan_Iqbal!G24 -> 14.0 | J82: =Gulshan_Iqbal!H24 | K82: =Gulshan_Iqbal!CH24 -> 31% | L82: =Gulshan_Iqbal!CE24 -> 4
A83: 63 | B83: Gulshan Iqbal | C83: Group 1 | D83: =Gulshan_Iqbal!B25 -> Ameed Bin Wasif | E83: =Gulshan_Iqbal!C25 | F83: =IF(Gulshan_Iqbal!C25<>"",HYPERLINK("tel:"&SUBSTITUTE(SUBSTITUTE(Gulshan_Iqbal!C25,"+","+")," ",""),"📞"),"") | G83: =IF(Gulshan_Iqbal!C25<>"",HYPERLINK("https://wa.me/"&SUBSTITUTE(SUBSTITUTE(Gulshan_Iqbal!C25,"+","")," ",""),"💬"),"") | H83: =Gulshan_Iqbal!F25 | I83: =Gulshan_Iqbal!G25 -> 14.0 | J83: =Gulshan_Iqbal!H25 | K83: =Gulshan_Iqbal!CH25 -> 100% | L83: =Gulshan_Iqbal!CE25 -> 18
A84: 64 | B84: Gulshan Iqbal | C84: Group 1 | D84: =Gulshan_Iqbal!B26 -> Asadullah | E84: =Gulshan_Iqbal!C26 | F84: =IF(Gulshan_Iqbal!C26<>"",HYPERLINK("tel:"&SUBSTITUTE(SUBSTITUTE(Gulshan_Iqbal!C26,"+","+")," ",""),"📞"),"") | G84: =IF(Gulshan_Iqbal!C26<>"",HYPERLINK("https://wa.me/"&SUBSTITUTE(SUBSTITUTE(Gulshan_Iqbal!C26,"+","")," ",""),"💬"),"") | H84: =Gulshan_Iqbal!F26 | I84: =Gulshan_Iqbal!G26 -> 14.0 | J84: =Gulshan_Iqbal!H26 | K84: =Gulshan_Iqbal!CH26 -> 56% | L84: =Gulshan_Iqbal!CE26 -> 10
A85: 65 | B85: Gulshan Iqbal | C85: Group 1 | D85: =Gulshan_Iqbal!B27 -> Talha Tayyab | E85: =Gulshan_Iqbal!C27 | F85: =IF(Gulshan_Iqbal!C27<>"",HYPERLINK("tel:"&SUBSTITUTE(SUBSTITUTE(Gulshan_Iqbal!C27,"+","+")," ",""),"📞"),"") | G85: =IF(Gulshan_Iqbal!C27<>"",HYPERLINK("https://wa.me/"&SUBSTITUTE(SUBSTITUTE(Gulshan_Iqbal!C27,"+","")," ",""),"💬"),"") | H85: =Gulshan_Iqbal!F27 | I85: =Gulshan_Iqbal!G27 -> 14.0 | J85: =Gulshan_Iqbal!H27 -> 9th | K85: =Gulshan_Iqbal!CH27 -> 64% | L85: =Gulshan_Iqbal!CE27 -> 7
A86: 66 | B86: Gulshan Iqbal | C86: Group 1 | D86: =Gulshan_Iqbal!B28 -> Yahya Asif | E86: =Gulshan_Iqbal!C28 -> '+923211400713 | F86: =IF(Gulshan_Iqbal!C28<>"",HYPERLINK("tel:"&SUBSTITUTE(SUBSTITUTE(Gulshan_Iqbal!C28,"+","+")," ",""),"📞"),"") -> 📞 | G86: =IF(Gulshan_Iqbal!C28<>"",HYPERLINK("https://wa.me/"&SUBSTITUTE(SUBSTITUTE(Gulshan_Iqbal!C28,"+","")," ",""),"💬"),"") -> 💬 | H86: =Gulshan_Iqbal!F28 | I86: =Gulshan_Iqbal!G28 -> 15.0 | J86: =Gulshan_Iqbal!H28 | K86: =Gulshan_Iqbal!CH28 -> 12% | L86: =Gulshan_Iqbal!CE28 -> 2
A87: 67 | B87: Gulshan Iqbal | C87: Group 1 | D87: =Gulshan_Iqbal!B29 -> Abdullah | E87: =Gulshan_Iqbal!C29 | F87: =IF(Gulshan_Iqbal!C29<>"",HYPERLINK("tel:"&SUBSTITUTE(SUBSTITUTE(Gulshan_Iqbal!C29,"+","+")," ",""),"📞"),"") | G87: =IF(Gulshan_Iqbal!C29<>"",HYPERLINK("https://wa.me/"&SUBSTITUTE(SUBSTITUTE(Gulshan_Iqbal!C29,"+","")," ",""),"💬"),"") | H87: =Gulshan_Iqbal!F29 | I87: =Gulshan_Iqbal!G29 -> 15.0 | J87: =Gulshan_Iqbal!H29 | K87: =Gulshan_Iqbal!CH29 -> 67% | L87: =Gulshan_Iqbal!CE29 -> 8
A88: 68 | B88: Gulshan Iqbal | C88: Group 1 | D88: =Gulshan_Iqbal!B30 -> Abdul Rehman | E88: =Gulshan_Iqbal!C30 | F88: =IF(Gulshan_Iqbal!C30<>"",HYPERLINK("tel:"&SUBSTITUTE(SUBSTITUTE(Gulshan_Iqbal!C30,"+","+")," ",""),"📞"),"") | G88: =IF(Gulshan_Iqbal!C30<>"",HYPERLINK("https://wa.me/"&SUBSTITUTE(SUBSTITUTE(Gulshan_Iqbal!C30,"+","")," ",""),"💬"),"") | H88: =Gulshan_Iqbal!F30 | I88: =Gulshan_Iqbal!G30 -> 15.0 | J88: =Gulshan_Iqbal!H30 | K88: =Gulshan_Iqbal!CH30 -> 31% | L88: =Gulshan_Iqbal!CE30 -> 5
A89: 69 | B89: Gulshan Iqbal | C89: Group 1 | D89: =Gulshan_Iqbal!B31 -> Mahad | E89: =Gulshan_Iqbal!C31 | F89: =IF(Gulshan_Iqbal!C31<>"",HYPERLINK("tel:"&SUBSTITUTE(SUBSTITUTE(Gulshan_Iqbal!C31,"+","+")," ",""),"📞"),"") | G89: =IF(Gulshan_Iqbal!C31<>"",HYPERLINK("https://wa.me/"&SUBSTITUTE(SUBSTITUTE(Gulshan_Iqbal!C31,"+","")," ",""),"💬"),"") | H89: =Gulshan_Iqbal!F31 | I89: =Gulshan_Iqbal!G31 | J89: =Gulshan_Iqbal!H31 | K89: =Gulshan_Iqbal!CH31 -> 25% | L89: =Gulshan_Iqbal!CE31 -> 3
A90: 70 | B90: Gulshan Iqbal | C90: Group 1 | D90: =Gulshan_Iqbal!B32 -> Muhammad Samir | E90: =Gulshan_Iqbal!C32 | F90: =IF(Gulshan_Iqbal!C32<>"",HYPERLINK("tel:"&SUBSTITUTE(SUBSTITUTE(Gulshan_Iqbal!C32,"+","+")," ",""),"📞"),"") | G90: =IF(Gulshan_Iqbal!C32<>"",HYPERLINK("https://wa.me/"&SUBSTITUTE(SUBSTITUTE(Gulshan_Iqbal!C32,"+","")," ",""),"💬"),"") | H90: =Gulshan_Iqbal!F32 | I90: =Gulshan_Iqbal!G32 | J90: =Gulshan_Iqbal!H32 | K90: =Gulshan_Iqbal!CH32 -> 69% | L90: =Gulshan_Iqbal!CE32 -> 9
A91: 71 | B91: Gulshan Iqbal | C91: Group 1 | D91: =Gulshan_Iqbal!B33 -> Ali Faizan | E91: =Gulshan_Iqbal!C33 -> '+923009492895 | F91: =IF(Gulshan_Iqbal!C33<>"",HYPERLINK("tel:"&SUBSTITUTE(SUBSTITUTE(Gulshan_Iqbal!C33,"+","+")," ",""),"📞"),"") -> 📞 | G91: =IF(Gulshan_Iqbal!C33<>"",HYPERLINK("https://wa.me/"&SUBSTITUTE(SUBSTITUTE(Gulshan_Iqbal!C33,"+","")," ",""),"💬"),"") -> 💬 | H91: =Gulshan_Iqbal!F33 | I91: =Gulshan_Iqbal!G33 | J91: =Gulshan_Iqbal!H33 | K91: =Gulshan_Iqbal!CH33 -> 8% | L91: =Gulshan_Iqbal!CE33 -> 1
A92: =IF(Gulshan_Iqbal!B34<>"",SUMPRODUCT((LEN(D79:D91)>0)*1)+1,"") | B92: =IF(Gulshan_Iqbal!B34<>"","Gulshan Iqbal","") | C92: =IF(Gulshan_Iqbal!B34<>"","Group 1","") | D92: =IF(Gulshan_Iqbal!B34<>"",Gulshan_Iqbal!B34,"") | E92: =IF(Gulshan_Iqbal!B34<>"",Gulshan_Iqbal!C34,"") | F92: =IF(Gulshan_Iqbal!B34<>"",HYPERLINK("tel:"&SUBSTITUTE(SUBSTITUTE(Gulshan_Iqbal!C34,"+","+")," ",""),"📞"),"") | G92: =IF(Gulshan_Iqbal!B34<>"",HYPERLINK("https://wa.me/"&SUBSTITUTE(SUBSTITUTE(Gulshan_Iqbal!C34,"+","")," ",""),"💬"),"") | H92: =IF(Gulshan_Iqbal!B34<>"",Gulshan_Iqbal!F34,"") | I92: =IF(Gulshan_Iqbal!B34<>"",Gulshan_Iqbal!G34,"") | J92: =IF(Gulshan_Iqbal!B34<>"",Gulshan_Iqbal!H34,"") | K92: =IF(Gulshan_Iqbal!B34<>"",Gulshan_Iqbal!CH34,"") | L92: =IF(Gulshan_Iqbal!B34<>"",Gulshan_Iqbal!CE34,"")
A93: =IF(Gulshan_Iqbal!B35<>"",SUMPRODUCT((LEN(D79:D92)>0)*1)+1,"") | B93: =IF(Gulshan_Iqbal!B35<>"","Gulshan Iqbal","") | C93: =IF(Gulshan_Iqbal!B35<>"","Group 1","") | D93: =IF(Gulshan_Iqbal!B35<>"",Gulshan_Iqbal!B35,"") | E93: =IF(Gulshan_Iqbal!B35<>"",Gulshan_Iqbal!C35,"") | F93: =IF(Gulshan_Iqbal!B35<>"",HYPERLINK("tel:"&SUBSTITUTE(SUBSTITUTE(Gulshan_Iqbal!C35,"+","+")," ",""),"📞"),"") | G93: =IF(Gulshan_Iqbal!B35<>"",HYPERLINK("https://wa.me/"&SUBSTITUTE(SUBSTITUTE(Gulshan_Iqbal!C35,"+","")," ",""),"💬"),"") | H93: =IF(Gulshan_Iqbal!B35<>"",Gulshan_Iqbal!F35,"") | I93: =IF(Gulshan_Iqbal!B35<>"",Gulshan_Iqbal!G35,"") | J93: =IF(Gulshan_Iqbal!B35<>"",Gulshan_Iqbal!H35,"") | K93: =IF(Gulshan_Iqbal!B35<>"",Gulshan_Iqbal!CH35,"") | L93: =IF(Gulshan_Iqbal!B35<>"",Gulshan_Iqbal!CE35,"")
A94: =IF(Gulshan_Iqbal!B36<>"",SUMPRODUCT((LEN(D79:D93)>0)*1)+1,"") | B94: =IF(Gulshan_Iqbal!B36<>"","Gulshan Iqbal","") | C94: =IF(Gulshan_Iqbal!B36<>"","Group 1","") | D94: =IF(Gulshan_Iqbal!B36<>"",Gulshan_Iqbal!B36,"") | E94: =IF(Gulshan_Iqbal!B36<>"",Gulshan_Iqbal!C36,"") | F94: =IF(Gulshan_Iqbal!B36<>"",HYPERLINK("tel:"&SUBSTITUTE(SUBSTITUTE(Gulshan_Iqbal!C36,"+","+")," ",""),"📞"),"") | G94: =IF(Gulshan_Iqbal!B36<>"",HYPERLINK("https://wa.me/"&SUBSTITUTE(SUBSTITUTE(Gulshan_Iqbal!C36,"+","")," ",""),"💬"),"") | H94: =IF(Gulshan_Iqbal!B36<>"",Gulshan_Iqbal!F36,"") | I94: =IF(Gulshan_Iqbal!B36<>"",Gulshan_Iqbal!G36,"") | J94: =IF(Gulshan_Iqbal!B36<>"",Gulshan_Iqbal!H36,"") | K94: =IF(Gulshan_Iqbal!B36<>"",Gulshan_Iqbal!CH36,"") | L94: =IF(Gulshan_Iqbal!B36<>"",Gulshan_Iqbal!CE36,"")
A95: =IF(Gulshan_Iqbal!B37<>"",SUMPRODUCT((LEN(D79:D94)>0)*1)+1,"") | B95: =IF(Gulshan_Iqbal!B37<>"","Gulshan Iqbal","") | C95: =IF(Gulshan_Iqbal!B37<>"","Group 1","") | D95: =IF(Gulshan_Iqbal!B37<>"",Gulshan_Iqbal!B37,"") | E95: =IF(Gulshan_Iqbal!B37<>"",Gulshan_Iqbal!C37,"") | F95: =IF(Gulshan_Iqbal!B37<>"",HYPERLINK("tel:"&SUBSTITUTE(SUBSTITUTE(Gulshan_Iqbal!C37,"+","+")," ",""),"📞"),"") | G95: =IF(Gulshan_Iqbal!B37<>"",HYPERLINK("https://wa.me/"&SUBSTITUTE(SUBSTITUTE(Gulshan_Iqbal!C37,"+","")," ",""),"💬"),"") | H95: =IF(Gulshan_Iqbal!B37<>"",Gulshan_Iqbal!F37,"") | I95: =IF(Gulshan_Iqbal!B37<>"",Gulshan_Iqbal!G37,"") | J95: =IF(Gulshan_Iqbal!B37<>"",Gulshan_Iqbal!H37,"") | K95: =IF(Gulshan_Iqbal!B37<>"",Gulshan_Iqbal!CH37,"") | L95: =IF(Gulshan_Iqbal!B37<>"",Gulshan_Iqbal!CE37,"")
A96: =IF(Gulshan_Iqbal!B38<>"",SUMPRODUCT((LEN(D79:D95)>0)*1)+1,"") | B96: =IF(Gulshan_Iqbal!B38<>"","Gulshan Iqbal","") | C96: =IF(Gulshan_Iqbal!B38<>"","Group 1","") | D96: =IF(Gulshan_Iqbal!B38<>"",Gulshan_Iqbal!B38,"") | E96: =IF(Gulshan_Iqbal!B38<>"",Gulshan_Iqbal!C38,"") | F96: =IF(Gulshan_Iqbal!B38<>"",HYPERLINK("tel:"&SUBSTITUTE(SUBSTITUTE(Gulshan_Iqbal!C38,"+","+")," ",""),"📞"),"") | G96: =IF(Gulshan_Iqbal!B38<>"",HYPERLINK("https://wa.me/"&SUBSTITUTE(SUBSTITUTE(Gulshan_Iqbal!C38,"+","")," ",""),"💬"),"") | H96: =IF(Gulshan_Iqbal!B38<>"",Gulshan_Iqbal!F38,"") | I96: =IF(Gulshan_Iqbal!B38<>"",Gulshan_Iqbal!G38,"") | J96: =IF(Gulshan_Iqbal!B38<>"",Gulshan_Iqbal!H38,"") | K96: =IF(Gulshan_Iqbal!B38<>"",Gulshan_Iqbal!CH38,"") | L96: =IF(Gulshan_Iqbal!B38<>"",Gulshan_Iqbal!CE38,"")
A97: 72 | B97: Gulshan Iqbal | C97: Group 2 | D97: =Gulshan_Iqbal!B42 -> Abdullah Faisal | E97: =Gulshan_Iqbal!C42 | F97: =IF(Gulshan_Iqbal!C42<>"",HYPERLINK("tel:"&SUBSTITUTE(SUBSTITUTE(Gulshan_Iqbal!C42,"+","+")," ",""),"📞"),"") | G97: =IF(Gulshan_Iqbal!C42<>"",HYPERLINK("https://wa.me/"&SUBSTITUTE(SUBSTITUTE(Gulshan_Iqbal!C42,"+","")," ",""),"💬"),"") | H97: =Gulshan_Iqbal!F42 | I97: =Gulshan_Iqbal!G42 -> 16.0 | J97: =Gulshan_Iqbal!H42 -> 10th | K97: =Gulshan_Iqbal!CH42 -> 72% | L97: =Gulshan_Iqbal!CE42 -> 13
A98: 73 | B98: Gulshan Iqbal | C98: Group 2 | D98: =Gulshan_Iqbal!B43 -> Hunain Basharat | E98: =Gulshan_Iqbal!C43 | F98: =IF(Gulshan_Iqbal!C43<>"",HYPERLINK("tel:"&SUBSTITUTE(SUBSTITUTE(Gulshan_Iqbal!C43,"+","+")," ",""),"📞"),"") | G98: =IF(Gulshan_Iqbal!C43<>"",HYPERLINK("https://wa.me/"&SUBSTITUTE(SUBSTITUTE(Gulshan_Iqbal!C43,"+","")," ",""),"💬"),"") | H98: =Gulshan_Iqbal!F43 | I98: =Gulshan_Iqbal!G43 -> 16.0 | J98: =Gulshan_Iqbal!H43 | K98: =Gulshan_Iqbal!CH43 -> 40% | L98: =Gulshan_Iqbal!CE43 -> 6
A99: 74 | B99: Gulshan Iqbal | C99: Group 2 | D99: =Gulshan_Iqbal!B44 -> Umair Ahsan | E99: =Gulshan_Iqbal!C44 -> '+923377226655 | F99: =IF(Gulshan_Iqbal!C44<>"",HYPERLINK("tel:"&SUBSTITUTE(SUBSTITUTE(Gulshan_Iqbal!C44,"+","+")," ",""),"📞"),"") -> 📞 | G99: =IF(Gulshan_Iqbal!C44<>"",HYPERLINK("https://wa.me/"&SUBSTITUTE(SUBSTITUTE(Gulshan_Iqbal!C44,"+","")," ",""),"💬"),"") -> 💬 | H99: =Gulshan_Iqbal!F44 | I99: =Gulshan_Iqbal!G44 -> 16.0 | J99: =Gulshan_Iqbal!H44 -> 10th | K99: =Gulshan_Iqbal!CH44 -> 0% | L99: =Gulshan_Iqbal!CE44 -> 0
A100: 75 | B100: Gulshan Iqbal | C100: Group 2 | D100: =Gulshan_Iqbal!B45 -> Abdul Rahman raza | E100: =Gulshan_Iqbal!C45 -> '+923351701638 | F100: =IF(Gulshan_Iqbal!C45<>"",HYPERLINK("tel:"&SUBSTITUTE(SUBSTITUTE(Gulshan_Iqbal!C45,"+","+")," ",""),"📞"),"") -> 📞 | G100: =IF(Gulshan_Iqbal!C45<>"",HYPERLINK("https://wa.me/"&SUBSTITUTE(SUBSTITUTE(Gulshan_Iqbal!C45,"+","")," ",""),"💬"),"") -> 💬 | H100: =Gulshan_Iqbal!F45 | I100: =Gulshan_Iqbal!G45 -> 17.0 | J100: =Gulshan_Iqbal!H45 | K100: =Gulshan_Iqbal!CH45 -> 11% | L100: =Gulshan_Iqbal!CE45 -> 2
A101: 76 | B101: Gulshan Iqbal | C101: Group 2 | D101: =Gulshan_Iqbal!B46 -> Muhammad faizan ali | E101: =Gulshan_Iqbal!C46 -> '+923092771817 | F101: =IF(Gulshan_Iqbal!C46<>"",HYPERLINK("tel:"&SUBSTITUTE(SUBSTITUTE(Gulshan_Iqbal!C46,"+","+")," ",""),"📞"),"") -> 📞 | G101: =IF(Gulshan_Iqbal!C46<>"",HYPERLINK("https://wa.me/"&SUBSTITUTE(SUBSTITUTE(Gulshan_Iqbal!C46,"+","")," ",""),"💬"),"") -> 💬 | H101: =Gulshan_Iqbal!F46 | I101: =Gulshan_Iqbal!G46 -> 17.0 | J101: =Gulshan_Iqbal!H46 | K101: =Gulshan_Iqbal!CH46 -> 8% | L101: =Gulshan_Iqbal!CE46 -> 1
A102: 77 | B102: Gulshan Iqbal | C102: Group 2 | D102: =Gulshan_Iqbal!B47 -> Muhammad Bilal | E102: =Gulshan_Iqbal!C47 -> '+923281988558 | F102: =IF(Gulshan_Iqbal!C47<>"",HYPERLINK("tel:"&SUBSTITUTE(SUBSTITUTE(Gulshan_Iqbal!C47,"+","+")," ",""),"📞"),"") -> 📞 | G102: =IF(Gulshan_Iqbal!C47<>"",HYPERLINK("https://wa.me/"&SUBSTITUTE(SUBSTITUTE(Gulshan_Iqbal!C47,"+","")," ",""),"💬"),"") -> 💬 | H102: =Gulshan_Iqbal!F47 | I102: =Gulshan_Iqbal!G47 -> 17.0 | J102: =Gulshan_Iqbal!H47 -> 10th | K102: =Gulshan_Iqbal!CH47 -> 25% | L102: =Gulshan_Iqbal!CE47 -> 4
A103: 78 | B103: Gulshan Iqbal | C103: Group 2 | D103: =Gulshan_Iqbal!B48 -> Razeen Ahmad | E103: =Gulshan_Iqbal!C48 -> '+923124755878 | F103: =IF(Gulshan_Iqbal!C48<>"",HYPERLINK("tel:"&SUBSTITUTE(SUBSTITUTE(Gulshan_Iqbal!C48,"+","+")," ",""),"📞"),"") -> 📞 | G103: =IF(Gulshan_Iqbal!C48<>"",HYPERLINK("https://wa.me/"&SUBSTITUTE(SUBSTITUTE(Gulshan_Iqbal!C48,"+","")," ",""),"💬"),"") -> 💬 | H103: =Gulshan_Iqbal!F48 | I103: =Gulshan_Iqbal!G48 -> 17.0 | J103: =Gulshan_Iqbal!H48 -> A Level | K103: =Gulshan_Iqbal!CH48 -> 19% | L103: =Gulshan_Iqbal!CE48 -> 3
A104: 79 | B104: Gulshan Iqbal | C104: Group 2 | D104: =Gulshan_Iqbal!B49 -> Muhammad Musa Asif | E104: =Gulshan_Iqbal!C49 -> '+923201619511 | F104: =IF(Gulshan_Iqbal!C49<>"",HYPERLINK("tel:"&SUBSTITUTE(SUBSTITUTE(Gulshan_Iqbal!C49,"+","+")," ",""),"📞"),"") -> 📞 | G104: =IF(Gulshan_Iqbal!C49<>"",HYPERLINK("https://wa.me/"&SUBSTITUTE(SUBSTITUTE(Gulshan_Iqbal!C49,"+","")," ",""),"💬"),"") -> 💬 | H104: =Gulshan_Iqbal!F49 | I104: =Gulshan_Iqbal!G49 -> 17.0 | J104: =Gulshan_Iqbal!H49 -> A Level | K104: =Gulshan_Iqbal!CH49 -> 11% | L104: =Gulshan_Iqbal!CE49 -> 1
A105: 80 | B105: Gulshan Iqbal | C105: Group 2 | D105: =Gulshan_Iqbal!B50 -> Muhammad Abdul Rehman Khan | E105: =Gulshan_Iqbal!C50 | F105: =IF(Gulshan_Iqbal!C50<>"",HYPERLINK("tel:"&SUBSTITUTE(SUBSTITUTE(Gulshan_Iqbal!C50,"+","+")," ",""),"📞"),"") | G105: =IF(Gulshan_Iqbal!C50<>"",HYPERLINK("https://wa.me/"&SUBSTITUTE(SUBSTITUTE(Gulshan_Iqbal!C50,"+","")," ",""),"💬"),"") | H105: =Gulshan_Iqbal!F50 | I105: =Gulshan_Iqbal!G50 -> 17.0 | J105: =Gulshan_Iqbal!H50 | K105: =Gulshan_Iqbal!CH50 -> 21% | L105: =Gulshan_Iqbal!CE50 -> 3
A106: 81 | B106: Gulshan Iqbal | C106: Group 2 | D106: =Gulshan_Iqbal!B51 -> Saifullah | E106: =Gulshan_Iqbal!C51 | F106: =IF(Gulshan_Iqbal!C51<>"",HYPERLINK("tel:"&SUBSTITUTE(SUBSTITUTE(Gulshan_Iqbal!C51,"+","+")," ",""),"📞"),"") | G106: =IF(Gulshan_Iqbal!C51<>"",HYPERLINK("https://wa.me/"&SUBSTITUTE(SUBSTITUTE(Gulshan_Iqbal!C51,"+","")," ",""),"💬"),"") | H106: =Gulshan_Iqbal!F51 | I106: =Gulshan_Iqbal!G51 -> 17.0 | J106: =Gulshan_Iqbal!H51 | K106: =Gulshan_Iqbal!CH51 -> 83% | L106: =Gulshan_Iqbal!CE51 -> 15
A107: 82 | B107: Gulshan Iqbal | C107: Group 2 | D107: =Gulshan_Iqbal!B52 -> Hunain Babar | E107: =Gulshan_Iqbal!C52 -> '+923268740002 | F107: =IF(Gulshan_Iqbal!C52<>"",HYPERLINK("tel:"&SUBSTITUTE(SUBSTITUTE(Gulshan_Iqbal!C52,"+","+")," ",""),"📞"),"") -> 📞 | G107: =IF(Gulshan_Iqbal!C52<>"",HYPERLINK("https://wa.me/"&SUBSTITUTE(SUBSTITUTE(Gulshan_Iqbal!C52,"+","")," ",""),"💬"),"") -> 💬 | H107: =Gulshan_Iqbal!F52 | I107: =Gulshan_Iqbal!G52 -> 17.0 | J107: =Gulshan_Iqbal!H52 | K107: =Gulshan_Iqbal!CH52 -> 81% | L107: =Gulshan_Iqbal!CE52 -> 13
A108: 83 | B108: Gulshan Iqbal | C108: Group 2 | D108: =Gulshan_Iqbal!B53 -> Muhammad Hassaan Ibrahim | E108: =Gulshan_Iqbal!C53 -> '+923434449824 | F108: =IF(Gulshan_Iqbal!C53<>"",HYPERLINK("tel:"&SUBSTITUTE(SUBSTITUTE(Gulshan_Iqbal!C53,"+","+")," ",""),"📞"),"") -> 📞 | G108: =IF(Gulshan_Iqbal!C53<>"",HYPERLINK("https://wa.me/"&SUBSTITUTE(SUBSTITUTE(Gulshan_Iqbal!C53,"+","")," ",""),"💬"),"") -> 💬 | H108: =Gulshan_Iqbal!F53 | I108: =Gulshan_Iqbal!G53 -> 17.0 | J108: =Gulshan_Iqbal!H53 | K108: =Gulshan_Iqbal!CH53 -> 46% | L108: =Gulshan_Iqbal!CE53 -> 6
... A117: 92 | B117: Gulshan Iqbal | C117: Group 2 | D117: =Gulshan_Iqbal!B62 -> Rohan Haroon | E117: =Gulshan_Iqbal!C62 | F117: =IF(Gulshan_Iqbal!C62<>"",HYPERLINK("tel:"&SUBSTITUTE(SUBSTITUTE(Gulshan_Iqbal!C62,"+","+")," ",""),"📞"),"") | G117: =IF(Gulshan_Iqbal!C62<>"",HYPERLINK("https://wa.me/"&SUBSTITUTE(SUBSTITUTE(Gulshan_Iqbal!C62,"+","")," ",""),"💬"),"") | H117: =Gulshan_Iqbal!F62 | I117: =Gulshan_Iqbal!G62 | J117: =Gulshan_Iqbal!H62 | K117: =Gulshan_Iqbal!CH62 -> 55% | L117: =Gulshan_Iqbal!CE62 -> 6
A118: =IF(Gulshan_Iqbal!B63<>"",SUMPRODUCT((LEN(D79:D117)>0)*1)+1,"") -> 35 | B118: =IF(Gulshan_Iqbal!B63<>"","Gulshan Iqbal","") -> Gulshan Iqbal | C118: =IF(Gulshan_Iqbal!B63<>"","Group 2","") -> Group 2 | D118: =IF(Gulshan_Iqbal!B63<>"",Gulshan_Iqbal!B63,"") -> Qasim | E118: =IF(Gulshan_Iqbal!B63<>"",Gulshan_Iqbal!C63,"") | F118: =IF(Gulshan_Iqbal!B63<>"",HYPERLINK("tel:"&SUBSTITUTE(SUBSTITUTE(Gulshan_Iqbal!C63,"+","+")," ",""),"📞"),"") -> 📞 | G118: =IF(Gulshan_Iqbal!B63<>"",HYPERLINK("https://wa.me/"&SUBSTITUTE(SUBSTITUTE(Gulshan_Iqbal!C63,"+","")," ",""),"💬"),"") -> 💬 | H118: =IF(Gulshan_Iqbal!B63<>"",Gulshan_Iqbal!F63,"") | I118: =IF(Gulshan_Iqbal!B63<>"",Gulshan_Iqbal!G63,"") | J118: =IF(Gulshan_Iqbal!B63<>"",Gulshan_Iqbal!H63,"") | K118: =IF(Gulshan_Iqbal!B63<>"",Gulshan_Iqbal!CH63,"") -> 67% | L118: =IF(Gulshan_Iqbal!B63<>"",Gulshan_Iqbal!CE63,"") -> 4
A119: =IF(Gulshan_Iqbal!B64<>"",SUMPRODUCT((LEN(D79:D118)>0)*1)+1,"") | B119: =IF(Gulshan_Iqbal!B64<>"","Gulshan Iqbal","") | C119: =IF(Gulshan_Iqbal!B64<>"","Group 2","") | D119: =IF(Gulshan_Iqbal!B64<>"",Gulshan_Iqbal!B64,"") | E119: =IF(Gulshan_Iqbal!B64<>"",Gulshan_Iqbal!C64,"") | F119: =IF(Gulshan_Iqbal!B64<>"",HYPERLINK("tel:"&SUBSTITUTE(SUBSTITUTE(Gulshan_Iqbal!C64,"+","+")," ",""),"📞"),"") | G119: =IF(Gulshan_Iqbal!B64<>"",HYPERLINK("https://wa.me/"&SUBSTITUTE(SUBSTITUTE(Gulshan_Iqbal!C64,"+","")," ",""),"💬"),"") | H119: =IF(Gulshan_Iqbal!B64<>"",Gulshan_Iqbal!F64,"") | I119: =IF(Gulshan_Iqbal!B64<>"",Gulshan_Iqbal!G64,"") | J119: =IF(Gulshan_Iqbal!B64<>"",Gulshan_Iqbal!H64,"") | K119: =IF(Gulshan_Iqbal!B64<>"",Gulshan_Iqbal!CH64,"") | L119: =IF(Gulshan_Iqbal!B64<>"",Gulshan_Iqbal!CE64,"")
A120: =IF(Gulshan_Iqbal!B65<>"",SUMPRODUCT((LEN(D79:D119)>0)*1)+1,"") | B120: =IF(Gulshan_Iqbal!B65<>"","Gulshan Iqbal","") | C120: =IF(Gulshan_Iqbal!B65<>"","Group 2","") | D120: =IF(Gulshan_Iqbal!B65<>"",Gulshan_Iqbal!B65,"") | E120: =IF(Gulshan_Iqbal!B65<>"",Gulshan_Iqbal!C65,"") | F120: =IF(Gulshan_Iqbal!B65<>"",HYPERLINK("tel:"&SUBSTITUTE(SUBSTITUTE(Gulshan_Iqbal!C65,"+","+")," ",""),"📞"),"") | G120: =IF(Gulshan_Iqbal!B65<>"",HYPERLINK("https://wa.me/"&SUBSTITUTE(SUBSTITUTE(Gulshan_Iqbal!C65,"+","")," ",""),"💬"),"") | H120: =IF(Gulshan_Iqbal!B65<>"",Gulshan_Iqbal!F65,"") | I120: =IF(Gulshan_Iqbal!B65<>"",Gulshan_Iqbal!G65,"") | J120: =IF(Gulshan_Iqbal!B65<>"",Gulshan_Iqbal!H65,"") | K120: =IF(Gulshan_Iqbal!B65<>"",Gulshan_Iqbal!CH65,"") | L120: =IF(Gulshan_Iqbal!B65<>"",Gulshan_Iqbal!CE65,"")
A121: =IF(Gulshan_Iqbal!B66<>"",SUMPRODUCT((LEN(D79:D120)>0)*1)+1,"") | B121: =IF(Gulshan_Iqbal!B66<>"","Gulshan Iqbal","") | C121: =IF(Gulshan_Iqbal!B66<>"","Group 2","") | D121: =IF(Gulshan_Iqbal!B66<>"",Gulshan_Iqbal!B66,"") | E121: =IF(Gulshan_Iqbal!B66<>"",Gulshan_Iqbal!C66,"") | F121: =IF(Gulshan_Iqbal!B66<>"",HYPERLINK("tel:"&SUBSTITUTE(SUBSTITUTE(Gulshan_Iqbal!C66,"+","+")," ",""),"📞"),"") | G121: =IF(Gulshan_Iqbal!B66<>"",HYPERLINK("https://wa.me/"&SUBSTITUTE(SUBSTITUTE(Gulshan_Iqbal!C66,"+","")," ",""),"💬"),"") | H121: =IF(Gulshan_Iqbal!B66<>"",Gulshan_Iqbal!F66,"") | I121: =IF(Gulshan_Iqbal!B66<>"",Gulshan_Iqbal!G66,"") | J121: =IF(Gulshan_Iqbal!B66<>"",Gulshan_Iqbal!H66,"") | K121: =IF(Gulshan_Iqbal!B66<>"",Gulshan_Iqbal!CH66,"") | L121: =IF(Gulshan_Iqbal!B66<>"",Gulshan_Iqbal!CE66,"")
A122: =IF(Gulshan_Iqbal!B67<>"",SUMPRODUCT((LEN(D79:D121)>0)*1)+1,"") | B122: =IF(Gulshan_Iqbal!B67<>"","Gulshan Iqbal","") | C122: =IF(Gulshan_Iqbal!B67<>"","Group 2","") | D122: =IF(Gulshan_Iqbal!B67<>"",Gulshan_Iqbal!B67,"") | E122: =IF(Gulshan_Iqbal!B67<>"",Gulshan_Iqbal!C67,"") | F122: =IF(Gulshan_Iqbal!B67<>"",HYPERLINK("tel:"&SUBSTITUTE(SUBSTITUTE(Gulshan_Iqbal!C67,"+","+")," ",""),"📞"),"") | G122: =IF(Gulshan_Iqbal!B67<>"",HYPERLINK("https://wa.me/"&SUBSTITUTE(SUBSTITUTE(Gulshan_Iqbal!C67,"+","")," ",""),"💬"),"") | H122: =IF(Gulshan_Iqbal!B67<>"",Gulshan_Iqbal!F67,"") | I122: =IF(Gulshan_Iqbal!B67<>"",Gulshan_Iqbal!G67,"") | J122: =IF(Gulshan_Iqbal!B67<>"",Gulshan_Iqbal!H67,"") | K122: =IF(Gulshan_Iqbal!B67<>"",Gulshan_Iqbal!CH67,"") | L122: =IF(Gulshan_Iqbal!B67<>"",Gulshan_Iqbal!CE67,"")
A123: 93 | B123: Gulshan Iqbal | C123: Group 3 | D123: =Gulshan_Iqbal!B71 -> Zayan Waris | E123: =Gulshan_Iqbal!C71 -> '+923080113307 | F123: =IF(Gulshan_Iqbal!C71<>"",HYPERLINK("tel:"&SUBSTITUTE(SUBSTITUTE(Gulshan_Iqbal!C71,"+","+")," ",""),"📞"),"") -> 📞 | G123: =IF(Gulshan_Iqbal!C71<>"",HYPERLINK("https://wa.me/"&SUBSTITUTE(SUBSTITUTE(Gulshan_Iqbal!C71,"+","")," ",""),"💬"),"") -> 💬 | H123: =Gulshan_Iqbal!F71 | I123: =Gulshan_Iqbal!G71 -> 18.0 | J123: =Gulshan_Iqbal!H71 | K123: =Gulshan_Iqbal!CH71 -> 7% | L123: =Gulshan_Iqbal!CE71 -> 1
A124: 94 | B124: Gulshan Iqbal | C124: Group 3 | D124: =Gulshan_Iqbal!B72 -> Muhammad Affan Faisal | E124: =Gulshan_Iqbal!C72 -> '+923165184937 | F124: =IF(Gulshan_Iqbal!C72<>"",HYPERLINK("tel:"&SUBSTITUTE(SUBSTITUTE(Gulshan_Iqbal!C72,"+","+")," ",""),"📞"),"") -> 📞 | G124: =IF(Gulshan_Iqbal!C72<>"",HYPERLINK("https://wa.me/"&SUBSTITUTE(SUBSTITUTE(Gulshan_Iqbal!C72,"+","")," ",""),"💬"),"") -> 💬 | H124: =Gulshan_Iqbal!F72 | I124: =Gulshan_Iqbal!G72 -> 18.0 | J124: =Gulshan_Iqbal!H72 | K124: =Gulshan_Iqbal!CH72 -> 10% | L124: =Gulshan_Iqbal!CE72 -> 1
A125: 95 | B125: Gulshan Iqbal | C125: Group 3 | D125: =Gulshan_Iqbal!B73 -> MUHAMMAD ZAIN UL ABIDEEN | E125: =Gulshan_Iqbal!C73 -> '+923219443047 | F125: =IF(Gulshan_Iqbal!C73<>"",HYPERLINK("tel:"&SUBSTITUTE(SUBSTITUTE(Gulshan_Iqbal!C73,"+","+")," ",""),"📞"),"") -> 📞 | G125: =IF(Gulshan_Iqbal!C73<>"",HYPERLINK("https://wa.me/"&SUBSTITUTE(SUBSTITUTE(Gulshan_Iqbal!C73,"+","")," ",""),"💬"),"") -> 💬 | H125: =Gulshan_Iqbal!F73 | I125: =Gulshan_Iqbal!G73 -> 18.0 | J125: =Gulshan_Iqbal!H73 -> Hafiz | K125: =Gulshan_Iqbal!CH73 -> 15% | L125: =Gulshan_Iqbal!CE73 -> 2
A126: 96 | B126: Gulshan Iqbal | C126: Group 3 | D126: =Gulshan_Iqbal!B74 -> M Subhani Bin Farhat | E126: =Gulshan_Iqbal!C74 -> '+923010059982 | F126: =IF(Gulshan_Iqbal!C74<>"",HYPERLINK("tel:"&SUBSTITUTE(SUBSTITUTE(Gulshan_Iqbal!C74,"+","+")," ",""),"📞"),"") -> 📞 | G126: =IF(Gulshan_Iqbal!C74<>"",HYPERLINK("https://wa.me/"&SUBSTITUTE(SUBSTITUTE(Gulshan_Iqbal!C74,"+","")," ",""),"💬"),"") -> 💬 | H126: =Gulshan_Iqbal!F74 | I126: =Gulshan_Iqbal!G74 -> 18.0 | J126: =Gulshan_Iqbal!H74 -> 12th | K126: =Gulshan_Iqbal!CH74 -> 0% | L126: =Gulshan_Iqbal!CE74 -> 0
A127: 97 | B127: Gulshan Iqbal | C127: Group 3 | D127: =Gulshan_Iqbal!B75 -> M Umar Adnan | E127: =Gulshan_Iqbal!C75 -> '+923377444226 | F127: =IF(Gulshan_Iqbal!C75<>"",HYPERLINK("tel:"&SUBSTITUTE(SUBSTITUTE(Gulshan_Iqbal!C75,"+","+")," ",""),"📞"),"") -> 📞 | G127: =IF(Gulshan_Iqbal!C75<>"",HYPERLINK("https://wa.me/"&SUBSTITUTE(SUBSTITUTE(Gulshan_Iqbal!C75,"+","")," ",""),"💬"),"") -> 💬 | H127: =Gulshan_Iqbal!F75 | I127: =Gulshan_Iqbal!G75 -> 18.0 | J127: =Gulshan_Iqbal!H75 -> 11th | K127: =Gulshan_Iqbal!CH75 -> 18% | L127: =Gulshan_Iqbal!CE75 -> 2
A128: 98 | B128: Gulshan Iqbal | C128: Group 3 | D128: =Gulshan_Iqbal!B76 -> Abdurrafay | E128: =Gulshan_Iqbal!C76 -> '+923184568965 | F128: =IF(Gulshan_Iqbal!C76<>"",HYPERLINK("tel:"&SUBSTITUTE(SUBSTITUTE(Gulshan_Iqbal!C76,"+","+")," ",""),"📞"),"") -> 📞 | G128: =IF(Gulshan_Iqbal!C76<>"",HYPERLINK("https://wa.me/"&SUBSTITUTE(SUBSTITUTE(Gulshan_Iqbal!C76,"+","")," ",""),"💬"),"") -> 💬 | H128: =Gulshan_Iqbal!F76 | I128: =Gulshan_Iqbal!G76 -> 18.0 | J128: =Gulshan_Iqbal!H76 -> 11th | K128: =Gulshan_Iqbal!CH76 -> 18% | L128: =Gulshan_Iqbal!CE76 -> 2
...

Sheet Sheet1

Sheet 👨‍🏫 Murabbi Summary
A1: 👨‍🏫 MURABBIS – PARK-WISE SUMMARY | Batch 4 | 2026-2027
A2: Live data — naam likhne pe automatically appear ho jaayega
A3: # | B3: Park | C3: Murabbi Naam | D3: Phone | E3: 📞 | F3: 💬 | G3: Total P | H3: Total A | I3: Total L | J3: % Haazri | K3: Classes | L3: Status
A4: ="▶ Gulberg — "&SUMPRODUCT((LEN(C5:C19)>0)*1)&" Murabbis" -> ▶ Gulberg — 15 Murabbis
A5: 1 | B5: Gulberg | C5: =Gulberg!B9 -> Hasnain Zafar | D5: =Gulberg!C9 -> '+923060221997 | E5: =IF(Gulberg!C9<>"",HYPERLINK("tel:"&SUBSTITUTE(SUBSTITUTE(Gulberg!C9,"+","+")," ",""),"📞"),"") -> 📞 | F5: =IF(Gulberg!C9<>"",HYPERLINK("https://wa.me/"&SUBSTITUTE(SUBSTITUTE(Gulberg!C9,"+","")," ",""),"💬"),"") -> 💬 | G5: =Gulberg!CE9 -> 18 | H5: =Gulberg!CF9 -> 0 | I5: =Gulberg!CG9 -> 0 | J5: =Gulberg!CH9 -> 100% | K5: =COUNTA(Gulberg!I9:CD9)-COUNTIF(Gulberg!I9:CD9,"OFF") -> 72 | L5: =IF(G5+H5=0,"No Data",IF(G5/(G5+H5)>=0.9,"✅ Excellent",IF(G5/(G5+H5)>=0.75,"🟡 Good",IF(G5/(G5+H5)>=0.6,"🟠 Average","🔴 Low")))) -> ✅ Excellent
A6: 2 | B6: Gulberg | C6: =Gulberg!B10 -> Hanzala Tauseef | D6: =Gulberg!C10 -> '+923047178171 | E6: =IF(Gulberg!C10<>"",HYPERLINK("tel:"&SUBSTITUTE(SUBSTITUTE(Gulberg!C10,"+","+")," ",""),"📞"),"") -> 📞 | F6: =IF(Gulberg!C10<>"",HYPERLINK("https://wa.me/"&SUBSTITUTE(SUBSTITUTE(Gulberg!C10,"+","")," ",""),"💬"),"") -> 💬 | G6: =Gulberg!CE10 -> 18 | H6: =Gulberg!CF10 -> 0 | I6: =Gulberg!CG10 -> 0 | J6: =Gulberg!CH10 -> 100% | K6: =COUNTA(Gulberg!I10:CD10)-COUNTIF(Gulberg!I10:CD10,"OFF") -> 72 | L6: =IF(G6+H6=0,"No Data",IF(G6/(G6+H6)>=0.9,"✅ Excellent",IF(G6/(G6+H6)>=0.75,"🟡 Good",IF(G6/(G6+H6)>=0.6,"🟠 Average","🔴 Low")))) -> ✅ Excellent
A7: 3 | B7: Gulberg | C7: =Gulberg!B11 -> Ikram Meer | D7: =Gulberg!C11 -> '+923364543324 | E7: =IF(Gulberg!C11<>"",HYPERLINK("tel:"&SUBSTITUTE(SUBSTITUTE(Gulberg!C11,"+","+")," ",""),"📞"),"") -> 📞 | F7: =IF(Gulberg!C11<>"",HYPERLINK("https://wa.me/"&SUBSTITUTE(SUBSTITUTE(Gulberg!C11,"+","")," ",""),"💬"),"") -> 💬 | G7: =Gulberg!CE11 -> 18 | H7: =Gulberg!CF11 -> 0 | I7: =Gulberg!CG11 -> 0 | J7: =Gulberg!CH11 -> 100% | K7: =COUNTA(Gulberg!I11:CD11)-COUNTIF(Gulberg!I11:CD11,"OFF") -> 72 | L7: =IF(G7+H7=0,"No Data",IF(G7/(G7+H7)>=0.9,"✅ Excellent",IF(G7/(G7+H7)>=0.75,"🟡 Good",IF(G7/(G7+H7)>=0.6,"🟠 Average","🔴 Low")))) -> ✅ Excellent
A8: 4 | B8: Gulberg | C8: =Gulberg!B12 -> Imran Amin | D8: =Gulberg!C12 -> '+923294368993 | E8: =IF(Gulberg!C12<>"",HYPERLINK("tel:"&SUBSTITUTE(SUBSTITUTE(Gulberg!C12,"+","+")," ",""),"📞"),"") -> 📞 | F8: =IF(Gulberg!C12<>"",HYPERLINK("https://wa.me/"&SUBSTITUTE(SUBSTITUTE(Gulberg!C12,"+","")," ",""),"💬"),"") -> 💬 | G8: =Gulberg!CE12 -> 17 | H8: =Gulberg!CF12 -> 1 | I8: =Gulberg!CG12 -> 0 | J8: =Gulberg!CH12 -> 94% | K8: =COUNTA(Gulberg!I12:CD12)-COUNTIF(Gulberg!I12:CD12,"OFF") -> 72 | L8: =IF(G8+H8=0,"No Data",IF(G8/(G8+H8)>=0.9,"✅ Excellent",IF(G8/(G8+H8)>=0.75,"🟡 Good",IF(G8/(G8+H8)>=0.6,"🟠 Average","🔴 Low")))) -> ✅ Excellent
A9: 5 | B9: Gulberg | C9: =Gulberg!B13 -> Hammad Raza | D9: =Gulberg!C13 -> '+923220774124 | E9: =IF(Gulberg!C13<>"",HYPERLINK("tel:"&SUBSTITUTE(SUBSTITUTE(Gulberg!C13,"+","+")," ",""),"📞"),"") -> 📞 | F9: =IF(Gulberg!C13<>"",HYPERLINK("https://wa.me/"&SUBSTITUTE(SUBSTITUTE(Gulberg!C13,"+","")," ",""),"💬"),"") -> 💬 | G9: =Gulberg!CE13 -> 18 | H9: =Gulberg!CF13 -> 0 | I9: =Gulberg!CG13 -> 0 | J9: =Gulberg!CH13 -> 100% | K9: =COUNTA(Gulberg!I13:CD13)-COUNTIF(Gulberg!I13:CD13,"OFF") -> 72 | L9: =IF(G9+H9=0,"No Data",IF(G9/(G9+H9)>=0.9,"✅ Excellent",IF(G9/(G9+H9)>=0.75,"🟡 Good",IF(G9/(G9+H9)>=0.6,"🟠 Average","🔴 Low")))) -> ✅ Excellent
A10: 6 | B10: Gulberg | C10: =Gulberg!B14 -> Basit Ahsan | D10: =Gulberg!C14 -> '+923226720331 | E10: =IF(Gulberg!C14<>"",HYPERLINK("tel:"&SUBSTITUTE(SUBSTITUTE(Gulberg!C14,"+","+")," ",""),"📞"),"") -> 📞 | F10: =IF(Gulberg!C14<>"",HYPERLINK("https://wa.me/"&SUBSTITUTE(SUBSTITUTE(Gulberg!C14,"+","")," ",""),"💬"),"") -> 💬 | G10: =Gulberg!CE14 -> 18 | H10: =Gulberg!CF14 -> 0 | I10: =Gulberg!CG14 -> 0 | J10: =Gulberg!CH14 -> 100% | K10: =COUNTA(Gulberg!I14:CD14)-COUNTIF(Gulberg!I14:CD14,"OFF") -> 72 | L10: =IF(G10+H10=0,"No Data",IF(G10/(G10+H10)>=0.9,"✅ Excellent",IF(G10/(G10+H10)>=0.75,"🟡 Good",IF(G10/(G10+H10)>=0.6,"🟠 Average","🔴 Low")))) -> ✅ Excellent
A11: 7 | B11: Gulberg | C11: =Gulberg!B15 -> Abdul Kabeer | D11: =Gulberg!C15 -> '+923244190830 | E11: =IF(Gulberg!C15<>"",HYPERLINK("tel:"&SUBSTITUTE(SUBSTITUTE(Gulberg!C15,"+","+")," ",""),"📞"),"") -> 📞 | F11: =IF(Gulberg!C15<>"",HYPERLINK("https://wa.me/"&SUBSTITUTE(SUBSTITUTE(Gulberg!C15,"+","")," ",""),"💬"),"") -> 💬 | G11: =Gulberg!CE15 -> 15 | H11: =Gulberg!CF15 -> 1 | I11: =Gulberg!CG15 -> 2 | J11: =Gulberg!CH15 -> 94% | K11: =COUNTA(Gulberg!I15:CD15)-COUNTIF(Gulberg!I15:CD15,"OFF") -> 72 | L11: =IF(G11+H11=0,"No Data",IF(G11/(G11+H11)>=0.9,"✅ Excellent",IF(G11/(G11+H11)>=0.75,"🟡 Good",IF(G11/(G11+H11)>=0.6,"🟠 Average","🔴 Low")))) -> ✅ Excellent
A12: 8 | B12: Gulberg | C12: =Gulberg!B16 -> Abdul Rehman Munir | D12: =Gulberg!C16 -> '+923080114534 | E12: =IF(Gulberg!C16<>"",HYPERLINK("tel:"&SUBSTITUTE(SUBSTITUTE(Gulberg!C16,"+","+")," ",""),"📞"),"") -> 📞 | F12: =IF(Gulberg!C16<>"",HYPERLINK("https://wa.me/"&SUBSTITUTE(SUBSTITUTE(Gulberg!C16,"+","")," ",""),"💬"),"") -> 💬 | G12: =Gulberg!CE16 -> 16 | H12: =Gulberg!CF16 -> 0 | I12: =Gulberg!CG16 -> 2 | J12: =Gulberg!CH16 -> 100% | K12: =COUNTA(Gulberg!I16:CD16)-COUNTIF(Gulberg!I16:CD16,"OFF") -> 72 | L12: =IF(G12+H12=0,"No Data",IF(G12/(G12+H12)>=0.9,"✅ Excellent",IF(G12/(G12+H12)>=0.75,"🟡 Good",IF(G12/(G12+H12)>=0.6,"🟠 Average","🔴 Low")))) -> ✅ Excellent
A13: 9 | B13: Gulberg | C13: =Gulberg!B17 -> Haseeb Ahmad | D13: =Gulberg!C17 -> '+923114322095 | E13: =IF(Gulberg!C17<>"",HYPERLINK("tel:"&SUBSTITUTE(SUBSTITUTE(Gulberg!C17,"+","+")," ",""),"📞"),"") -> 📞 | F13: =IF(Gulberg!C17<>"",HYPERLINK("https://wa.me/"&SUBSTITUTE(SUBSTITUTE(Gulberg!C17,"+","")," ",""),"💬"),"") -> 💬 | G13: =Gulberg!CE17 -> 13 | H13: =Gulberg!CF17 -> 3 | I13: =Gulberg!CG17 -> 2 | J13: =Gulberg!CH17 -> 81% | K13: =COUNTA(Gulberg!I17:CD17)-COUNTIF(Gulberg!I17:CD17,"OFF") -> 72 | L13: =IF(G13+H13=0,"No Data",IF(G13/(G13+H13)>=0.9,"✅ Excellent",IF(G13/(G13+H13)>=0.75,"🟡 Good",IF(G13/(G13+H13)>=0.6,"🟠 Average","🔴 Low")))) -> 🟡 Good
A14: 10 | B14: Gulberg | C14: =Gulberg!B18 -> Abu Hurairah | D14: =Gulberg!C18 | E14: =IF(Gulberg!C18<>"",HYPERLINK("tel:"&SUBSTITUTE(SUBSTITUTE(Gulberg!C18,"+","+")," ",""),"📞"),"") | F14: =IF(Gulberg!C18<>"",HYPERLINK("https://wa.me/"&SUBSTITUTE(SUBSTITUTE(Gulberg!C18,"+","")," ",""),"💬"),"") | G14: =Gulberg!CE18 -> 18 | H14: =Gulberg!CF18 -> 0 | I14: =Gulberg!CG18 -> 0 | J14: =Gulberg!CH18 -> 100% | K14: =COUNTA(Gulberg!I18:CD18)-COUNTIF(Gulberg!I18:CD18,"OFF") -> 72 | L14: =IF(G14+H14=0,"No Data",IF(G14/(G14+H14)>=0.9,"✅ Excellent",IF(G14/(G14+H14)>=0.75,"🟡 Good",IF(G14/(G14+H14)>=0.6,"🟠 Average","🔴 Low")))) -> ✅ Excellent
A15: 11 | B15: Gulberg | C15: =Gulberg!B19 -> Abdullah Saif | D15: =Gulberg!C19 -> '+923104362545 | E15: =IF(Gulberg!C19<>"",HYPERLINK("tel:"&SUBSTITUTE(SUBSTITUTE(Gulberg!C19,"+","+")," ",""),"📞"),"") -> 📞 | F15: =IF(Gulberg!C19<>"",HYPERLINK("https://wa.me/"&SUBSTITUTE(SUBSTITUTE(Gulberg!C19,"+","")," ",""),"💬"),"") -> 💬 | G15: =Gulberg!CE19 -> 8 | H15: =Gulberg!CF19 -> 5 | I15: =Gulberg!CG19 -> 5 | J15: =Gulberg!CH19 -> 62% | K15: =COUNTA(Gulberg!I19:CD19)-COUNTIF(Gulberg!I19:CD19,"OFF") -> 72 | L15: =IF(G15+H15=0,"No Data",IF(G15/(G15+H15)>=0.9,"✅ Excellent",IF(G15/(G15+H15)>=0.75,"🟡 Good",IF(G15/(G15+H15)>=0.6,"🟠 Average","🔴 Low")))) -> 🟠 Average
A16: 12 | B16: Gulberg | C16: =Gulberg!B20 -> Ameer Hamza | D16: =Gulberg!C20 -> +92 324 7197841 | E16: =IF(Gulberg!C20<>"",HYPERLINK("tel:"&SUBSTITUTE(SUBSTITUTE(Gulberg!C20,"+","+")," ",""),"📞"),"") -> 📞 | F16: =IF(Gulberg!C20<>"",HYPERLINK("https://wa.me/"&SUBSTITUTE(SUBSTITUTE(Gulberg!C20,"+","")," ",""),"💬"),"") -> 💬 | G16: =Gulberg!CE20 -> 8 | H16: =Gulberg!CF20 -> 1 | I16: =Gulberg!CG20 -> 1 | J16: =Gulberg!CH20 -> 89% | K16: =COUNTA(Gulberg!I20:CD20)-COUNTIF(Gulberg!I20:CD20,"OFF") -> 73 | L16: =IF(G16+H16=0,"No Data",IF(G16/(G16+H16)>=0.9,"✅ Excellent",IF(G16/(G16+H16)>=0.75,"🟡 Good",IF(G16/(G16+H16)>=0.6,"🟠 Average","🔴 Low")))) -> 🟡 Good
A17: =IF(Gulberg!B21<>"",13,"") -> 13 | B17: =IF(Gulberg!B21<>"","Gulberg","") -> Gulberg | C17: =IF(Gulberg!B21<>"",Gulberg!B21,"") -> Alman | D17: =IF(Gulberg!B21<>"",Gulberg!C21,"") -> +92 314 7364357 | E17: =IF(Gulberg!B21<>"",HYPERLINK("tel:"&SUBSTITUTE(SUBSTITUTE(Gulberg!C21,"+","+")," ",""),"📞"),"") -> 📞 | F17: =IF(Gulberg!B21<>"",HYPERLINK("https://wa.me/"&SUBSTITUTE(SUBSTITUTE(Gulberg!C21,"+","")," ",""),"💬"),"") -> 💬 | G17: =IF(Gulberg!B21<>"",Gulberg!CE21,"") -> 1 | H17: =IF(Gulberg!B21<>"",Gulberg!CF21,"") -> 1 | I17: =IF(Gulberg!B21<>"",Gulberg!CG21,"") -> 0 | J17: =IF(Gulberg!B21<>"",Gulberg!CH21,"") -> 50% | K17: =IF(Gulberg!B21<>"",COUNTA(Gulberg!I21:CD21)-COUNTIF(Gulberg!I21:CD21,"OFF"),"") -> 73 | L17: =IF(Gulberg!B21="","",IF(G17+H17=0,"No Data",IF(G17/(G17+H17)>=0.9,"✅ Excellent",IF(G17/(G17+H17)>=0.75,"🟡 Good",IF(G17/(G17+H17)>=0.6,"🟠 Average","🔴 Low"))))) -> 🔴 Low
A18: =IF(Gulberg!B22<>"",14,"") -> 14 | B18: =IF(Gulberg!B22<>"","Gulberg","") -> Gulberg | C18: =IF(Gulberg!B22<>"",Gulberg!B22,"") -> Suhaib | D18: =IF(Gulberg!B22<>"",Gulberg!C22,"") | E18: =IF(Gulberg!B22<>"",HYPERLINK("tel:"&SUBSTITUTE(SUBSTITUTE(Gulberg!C22,"+","+")," ",""),"📞"),"") -> 📞 | F18: =IF(Gulberg!B22<>"",HYPERLINK("https://wa.me/"&SUBSTITUTE(SUBSTITUTE(Gulberg!C22,"+","")," ",""),"💬"),"") -> 💬 | G18: =IF(Gulberg!B22<>"",Gulberg!CE22,"") -> 1 | H18: =IF(Gulberg!B22<>"",Gulberg!CF22,"") -> 1 | I18: =IF(Gulberg!B22<>"",Gulberg!CG22,"") -> 0 | J18: =IF(Gulberg!B22<>"",Gulberg!CH22,"") -> 50% | K18: =IF(Gulberg!B22<>"",COUNTA(Gulberg!I22:CD22)-COUNTIF(Gulberg!I22:CD22,"OFF"),"") -> 73 | L18: =IF(Gulberg!B22="","",IF(G18+H18=0,"No Data",IF(G18/(G18+H18)>=0.9,"✅ Excellent",IF(G18/(G18+H18)>=0.75,"🟡 Good",IF(G18/(G18+H18)>=0.6,"🟠 Average","🔴 Low"))))) -> 🔴 Low
A19: =IF(Gulberg!B23<>"",15,"") -> 15 | B19: =IF(Gulberg!B23<>"","Gulberg","") -> Gulberg | C19: =IF(Gulberg!B23<>"",Gulberg!B23,"") -> Nauman Imtiaz | D19: =IF(Gulberg!B23<>"",Gulberg!C23,"") -> +92 333 4115355 | E19: =IF(Gulberg!B23<>"",HYPERLINK("tel:"&SUBSTITUTE(SUBSTITUTE(Gulberg!C23,"+","+")," ",""),"📞"),"") -> 📞 | F19: =IF(Gulberg!B23<>"",HYPERLINK("https://wa.me/"&SUBSTITUTE(SUBSTITUTE(Gulberg!C23,"+","")," ",""),"💬"),"") -> 💬 | G19: =IF(Gulberg!B23<>"",Gulberg!CE23,"") -> 2 | H19: =IF(Gulberg!B23<>"",Gulberg!CF23,"") -> 0 | I19: =IF(Gulberg!B23<>"",Gulberg!CG23,"") -> 0 | J19: =IF(Gulberg!B23<>"",Gulberg!CH23,"") -> 100% | K19: =IF(Gulberg!B23<>"",COUNTA(Gulberg!I23:CD23)-COUNTIF(Gulberg!I23:CD23,"OFF"),"") -> 73 | L19: =IF(Gulberg!B23="","",IF(G19+H19=0,"No Data",IF(G19/(G19+H19)>=0.9,"✅ Excellent",IF(G19/(G19+H19)>=0.75,"🟡 Good",IF(G19/(G19+H19)>=0.6,"🟠 Average","🔴 Low"))))) -> ✅ Excellent
A21: ="▶ Gulshan Iqbal — "&SUMPRODUCT((LEN(C22:C31)>0)*1)&" Murabbis" -> ▶ Gulshan Iqbal — 9 Murabbis
A22: 13 | B22: Gulshan Iqbal | C22: =Gulshan_Iqbal!B9 -> Danish Qureshi | D22: =Gulshan_Iqbal!C9 | E22: =IF(Gulshan_Iqbal!C9<>"",HYPERLINK("tel:"&SUBSTITUTE(SUBSTITUTE(Gulshan_Iqbal!C9,"+","+")," ",""),"📞"),"") | F22: =IF(Gulshan_Iqbal!C9<>"",HYPERLINK("https://wa.me/"&SUBSTITUTE(SUBSTITUTE(Gulshan_Iqbal!C9,"+","")," ",""),"💬"),"") | G22: =Gulshan_Iqbal!CE9 -> 16 | H22: =Gulshan_Iqbal!CF9 -> 0 | I22: =Gulshan_Iqbal!CG9 -> 0 | J22: =Gulshan_Iqbal!CH9 -> 100% | K22: =COUNTA(Gulshan_Iqbal!I9:CD9)-COUNTIF(Gulshan_Iqbal!I9:CD9,"OFF") -> 72 | L22: =IF(G22+H22=0,"No Data",IF(G22/(G22+H22)>=0.9,"✅ Excellent",IF(G22/(G22+H22)>=0.75,"🟡 Good",IF(G22/(G22+H22)>=0.6,"🟠 Average","🔴 Low")))) -> ✅ Excellent
A23: 14 | B23: Gulshan Iqbal | C23: =Gulshan_Iqbal!B10 -> Faizan Ibrahim | D23: =Gulshan_Iqbal!C10 | E23: =IF(Gulshan_Iqbal!C10<>"",HYPERLINK("tel:"&SUBSTITUTE(SUBSTITUTE(Gulshan_Iqbal!C10,"+","+")," ",""),"📞"),"") | F23: =IF(Gulshan_Iqbal!C10<>"",HYPERLINK("https://wa.me/"&SUBSTITUTE(SUBSTITUTE(Gulshan_Iqbal!C10,"+","")," ",""),"💬"),"") | G23: =Gulshan_Iqbal!CE10 -> 15 | H23: =Gulshan_Iqbal!CF10 -> 0 | I23: =Gulshan_Iqbal!CG10 -> 1 | J23: =Gulshan_Iqbal!CH10 -> 100% | K23: =COUNTA(Gulshan_Iqbal!I10:CD10)-COUNTIF(Gulshan_Iqbal!I10:CD10,"OFF") -> 72 | L23: =IF(G23+H23=0,"No Data",IF(G23/(G23+H23)>=0.9,"✅ Excellent",IF(G23/(G23+H23)>=0.75,"🟡 Good",IF(G23/(G23+H23)>=0.6,"🟠 Average","🔴 Low")))) -> ✅ Excellent
A24: 15 | B24: Gulshan Iqbal | C24: =Gulshan_Iqbal!B11 -> Hamza Mehmood | D24: =Gulshan_Iqbal!C11 | E24: =IF(Gulshan_Iqbal!C11<>"",HYPERLINK("tel:"&SUBSTITUTE(SUBSTITUTE(Gulshan_Iqbal!C11,"+","+")," ",""),"📞"),"") | F24: =IF(Gulshan_Iqbal!C11<>"",HYPERLINK("https://wa.me/"&SUBSTITUTE(SUBSTITUTE(Gulshan_Iqbal!C11,"+","")," ",""),"💬"),"") | G24: =Gulshan_Iqbal!CE11 -> 16 | H24: =Gulshan_Iqbal!CF11 -> 0 | I24: =Gulshan_Iqbal!CG11 -> 0 | J24: =Gulshan_Iqbal!CH11 -> 100% | K24: =COUNTA(Gulshan_Iqbal!I11:CD11)-COUNTIF(Gulshan_Iqbal!I11:CD11,"OFF") -> 72 | L24: =IF(G24+H24=0,"No Data",IF(G24/(G24+H24)>=0.9,"✅ Excellent",IF(G24/(G24+H24)>=0.75,"🟡 Good",IF(G24/(G24+H24)>=0.6,"🟠 Average","🔴 Low")))) -> ✅ Excellent
A25: 16 | B25: Gulshan Iqbal | C25: =Gulshan_Iqbal!B12 -> Muhammad Hunain | D25: =Gulshan_Iqbal!C12 | E25: =IF(Gulshan_Iqbal!C12<>"",HYPERLINK("tel:"&SUBSTITUTE(SUBSTITUTE(Gulshan_Iqbal!C12,"+","+")," ",""),"📞"),"") | F25: =IF(Gulshan_Iqbal!C12<>"",HYPERLINK("https://wa.me/"&SUBSTITUTE(SUBSTITUTE(Gulshan_Iqbal!C12,"+","")," ",""),"💬"),"") | G25: =Gulshan_Iqbal!CE12 -> 14 | H25: =Gulshan_Iqbal!CF12 -> 0 | I25: =Gulshan_Iqbal!CG12 -> 0 | J25: =Gulshan_Iqbal!CH12 -> 100% | K25: =COUNTA(Gulshan_Iqbal!I12:CD12)-COUNTIF(Gulshan_Iqbal!I12:CD12,"OFF") -> 72 | L25: =IF(G25+H25=0,"No Data",IF(G25/(G25+H25)>=0.9,"✅ Excellent",IF(G25/(G25+H25)>=0.75,"🟡 Good",IF(G25/(G25+H25)>=0.6,"🟠 Average","🔴 Low")))) -> ✅ Excellent
A26: 17 | B26: Gulshan Iqbal | C26: =Gulshan_Iqbal!B13 -> Fayez | D26: =Gulshan_Iqbal!C13 | E26: =IF(Gulshan_Iqbal!C13<>"",HYPERLINK("tel:"&SUBSTITUTE(SUBSTITUTE(Gulshan_Iqbal!C13,"+","+")," ",""),"📞"),"") | F26: =IF(Gulshan_Iqbal!C13<>"",HYPERLINK("https://wa.me/"&SUBSTITUTE(SUBSTITUTE(Gulshan_Iqbal!C13,"+","")," ",""),"💬"),"") | G26: =Gulshan_Iqbal!CE13 -> 10 | H26: =Gulshan_Iqbal!CF13 -> 1 | I26: =Gulshan_Iqbal!CG13 -> 1 | J26: =Gulshan_Iqbal!CH13 -> 91% | K26: =COUNTA(Gulshan_Iqbal!I13:CD13)-COUNTIF(Gulshan_Iqbal!I13:CD13,"OFF") -> 72 | L26: =IF(G26+H26=0,"No Data",IF(G26/(G26+H26)>=0.9,"✅ Excellent",IF(G26/(G26+H26)>=0.75,"🟡 Good",IF(G26/(G26+H26)>=0.6,"🟠 Average","🔴 Low")))) -> ✅ Excellent
A27: 18 | B27: Gulshan Iqbal | C27: =Gulshan_Iqbal!B14 -> Muhammad Mateen | D27: =Gulshan_Iqbal!C14 | E27: =IF(Gulshan_Iqbal!C14<>"",HYPERLINK("tel:"&SUBSTITUTE(SUBSTITUTE(Gulshan_Iqbal!C14,"+","+")," ",""),"📞"),"") | F27: =IF(Gulshan_Iqbal!C14<>"",HYPERLINK("https://wa.me/"&SUBSTITUTE(SUBSTITUTE(Gulshan_Iqbal!C14,"+","")," ",""),"💬"),"") | G27: =Gulshan_Iqbal!CE14 -> 14 | H27: =Gulshan_Iqbal!CF14 -> 0 | I27: =Gulshan_Iqbal!CG14 -> 0 | J27: =Gulshan_Iqbal!CH14 -> 100% | K27: =COUNTA(Gulshan_Iqbal!I14:CD14)-COUNTIF(Gulshan_Iqbal!I14:CD14,"OFF") -> 72 | L27: =IF(G27+H27=0,"No Data",IF(G27/(G27+H27)>=0.9,"✅ Excellent",IF(G27/(G27+H27)>=0.75,"🟡 Good",IF(G27/(G27+H27)>=0.6,"🟠 Average","🔴 Low")))) -> ✅ Excellent
A28: 19 | B28: Gulshan Iqbal | C28: =Gulshan_Iqbal!B15 -> Faheem Badar | D28: =Gulshan_Iqbal!C15 | E28: =IF(Gulshan_Iqbal!C15<>"",HYPERLINK("tel:"&SUBSTITUTE(SUBSTITUTE(Gulshan_Iqbal!C15,"+","+")," ",""),"📞"),"") | F28: =IF(Gulshan_Iqbal!C15<>"",HYPERLINK("https://wa.me/"&SUBSTITUTE(SUBSTITUTE(Gulshan_Iqbal!C15,"+","")," ",""),"💬"),"") | G28: =Gulshan_Iqbal!CE15 -> 9 | H28: =Gulshan_Iqbal!CF15 -> 0 | I28: =Gulshan_Iqbal!CG15 -> 0 | J28: =Gulshan_Iqbal!CH15 -> 100% | K28: =COUNTA(Gulshan_Iqbal!I15:CD15)-COUNTIF(Gulshan_Iqbal!I15:CD15,"OFF") -> 73 | L28: =IF(G28+H28=0,"No Data",IF(G28/(G28+H28)>=0.9,"✅ Excellent",IF(G28/(G28+H28)>=0.75,"🟡 Good",IF(G28/(G28+H28)>=0.6,"🟠 Average","🔴 Low")))) -> ✅ Excellent
A29: =IF(Gulshan_Iqbal!B16<>"",8,"") -> 8 | B29: =IF(Gulshan_Iqbal!B16<>"","Gulshan Iqbal","") -> Gulshan Iqbal | C29: =IF(Gulshan_Iqbal!B16<>"",Gulshan_Iqbal!B16,"") -> Muhammad Musab | D29: =IF(Gulshan_Iqbal!B16<>"",Gulshan_Iqbal!C16,"") | E29: =IF(Gulshan_Iqbal!B16<>"",HYPERLINK("tel:"&SUBSTITUTE(SUBSTITUTE(Gulshan_Iqbal!C16,"+","+")," ",""),"📞"),"") -> 📞 | F29: =IF(Gulshan_Iqbal!B16<>"",HYPERLINK("https://wa.me/"&SUBSTITUTE(SUBSTITUTE(Gulshan_Iqbal!C16,"+","")," ",""),"💬"),"") -> 💬 | G29: =IF(Gulshan_Iqbal!B16<>"",Gulshan_Iqbal!CE16,"") -> 7 | H29: =IF(Gulshan_Iqbal!B16<>"",Gulshan_Iqbal!CF16,"") -> 2 | I29: =IF(Gulshan_Iqbal!B16<>"",Gulshan_Iqbal!CG16,"") -> 0 | J29: =IF(Gulshan_Iqbal!B16<>"",Gulshan_Iqbal!CH16,"") -> 78% | K29: =IF(Gulshan_Iqbal!B16<>"",COUNTA(Gulshan_Iqbal!I16:CD16)-COUNTIF(Gulshan_Iqbal!I16:CD16,"OFF"),"") -> 73 | L29: =IF(Gulshan_Iqbal!B16="","",IF(G29+H29=0,"No Data",IF(G29/(G29+H29)>=0.9,"✅ Excellent",IF(G29/(G29+H29)>=0.75,"🟡 Good",IF(G29/(G29+H29)>=0.6,"🟠 Average","🔴 Low"))))) -> 🟡 Good
A30: =IF(Gulshan_Iqbal!B17<>"",9,"") -> 9 | B30: =IF(Gulshan_Iqbal!B17<>"","Gulshan Iqbal","") -> Gulshan Iqbal | C30: =IF(Gulshan_Iqbal!B17<>"",Gulshan_Iqbal!B17,"") -> Muhammad Hammad | D30: =IF(Gulshan_Iqbal!B17<>"",Gulshan_Iqbal!C17,"") | E30: =IF(Gulshan_Iqbal!B17<>"",HYPERLINK("tel:"&SUBSTITUTE(SUBSTITUTE(Gulshan_Iqbal!C17,"+","+")," ",""),"📞"),"") -> 📞 | F30: =IF(Gulshan_Iqbal!B17<>"",HYPERLINK("https://wa.me/"&SUBSTITUTE(SUBSTITUTE(Gulshan_Iqbal!C17,"+","")," ",""),"💬"),"") -> 💬 | G30: =IF(Gulshan_Iqbal!B17<>"",Gulshan_Iqbal!CE17,"") -> 5 | H30: =IF(Gulshan_Iqbal!B17<>"",Gulshan_Iqbal!CF17,"") -> 4 | I30: =IF(Gulshan_Iqbal!B17<>"",Gulshan_Iqbal!CG17,"") -> 0 | J30: =IF(Gulshan_Iqbal!B17<>"",Gulshan_Iqbal!CH17,"") -> 56% | K30: =IF(Gulshan_Iqbal!B17<>"",COUNTA(Gulshan_Iqbal!I17:CD17)-COUNTIF(Gulshan_Iqbal!I17:CD17,"OFF"),"") -> 73 | L30: =IF(Gulshan_Iqbal!B17="","",IF(G30+H30=0,"No Data",IF(G30/(G30+H30)>=0.9,"✅ Excellent",IF(G30/(G30+H30)>=0.75,"🟡 Good",IF(G30/(G30+H30)>=0.6,"🟠 Average","🔴 Low"))))) -> 🔴 Low
A31: =IF(Gulshan_Iqbal!B18<>"",10,"") | B31: =IF(Gulshan_Iqbal!B18<>"","Gulshan Iqbal","") | C31: =IF(Gulshan_Iqbal!B18<>"",Gulshan_Iqbal!B18,"") | D31: =IF(Gulshan_Iqbal!B18<>"",Gulshan_Iqbal!C18,"") | E31: =IF(Gulshan_Iqbal!B18<>"",HYPERLINK("tel:"&SUBSTITUTE(SUBSTITUTE(Gulshan_Iqbal!C18,"+","+")," ",""),"📞"),"") | F31: =IF(Gulshan_Iqbal!B18<>"",HYPERLINK("https://wa.me/"&SUBSTITUTE(SUBSTITUTE(Gulshan_Iqbal!C18,"+","")," ",""),"💬"),"") | G31: =IF(Gulshan_Iqbal!B18<>"",Gulshan_Iqbal!CE18,"") | H31: =IF(Gulshan_Iqbal!B18<>"",Gulshan_Iqbal!CF18,"") | I31: =IF(Gulshan_Iqbal!B18<>"",Gulshan_Iqbal!CG18,"") | J31: =IF(Gulshan_Iqbal!B18<>"",Gulshan_Iqbal!CH18,"") | K31: =IF(Gulshan_Iqbal!B18<>"",COUNTA(Gulshan_Iqbal!I18:CD18)-COUNTIF(Gulshan_Iqbal!I18:CD18,"OFF"),"") | L31: =IF(Gulshan_Iqbal!B18="","",IF(G31+H31=0,"No Data",IF(G31/(G31+H31)>=0.9,"✅ Excellent",IF(G31/(G31+H31)>=0.75,"🟡 Good",IF(G31/(G31+H31)>=0.6,"🟠 Average","🔴 Low")))))
A33: ="▶ Griffin — "&SUMPRODUCT((LEN(C34:C38)>0)*1)&" Murabbis" -> ▶ Griffin — 3 Murabbis
A34: 20 | B34: Griffin | C34: =Griffin!B9 -> Fahad bhai | D34: =Griffin!C9 | E34: =IF(Griffin!C9<>"",HYPERLINK("tel:"&SUBSTITUTE(SUBSTITUTE(Griffin!C9,"+","+")," ",""),"📞"),"") | F34: =IF(Griffin!C9<>"",HYPERLINK("https://wa.me/"&SUBSTITUTE(SUBSTITUTE(Griffin!C9,"+","")," ",""),"💬"),"") | G34: =Griffin!CE9 -> 18 | H34: =Griffin!CF9 -> 0 | I34: =Griffin!CG9 -> 0 | J34: =Griffin!CH9 -> 100% | K34: =COUNTA(Griffin!I9:CD9)-COUNTIF(Griffin!I9:CD9,"OFF") -> 72 | L34: =IF(G34+H34=0,"No Data",IF(G34/(G34+H34)>=0.9,"✅ Excellent",IF(G34/(G34+H34)>=0.75,"🟡 Good",IF(G34/(G34+H34)>=0.6,"🟠 Average","🔴 Low")))) -> ✅ Excellent
A35: 21 | B35: Griffin | C35: =Griffin!B10 -> Bilal bhai | D35: =Griffin!C10 | E35: =IF(Griffin!C10<>"",HYPERLINK("tel:"&SUBSTITUTE(SUBSTITUTE(Griffin!C10,"+","+")," ",""),"📞"),"") | F35: =IF(Griffin!C10<>"",HYPERLINK("https://wa.me/"&SUBSTITUTE(SUBSTITUTE(Griffin!C10,"+","")," ",""),"💬"),"") | G35: =Griffin!CE10 -> 14 | H35: =Griffin!CF10 -> 0 | I35: =Griffin!CG10 -> 4 | J35: =Griffin!CH10 -> 100% | K35: =COUNTA(Griffin!I10:CD10)-COUNTIF(Griffin!I10:CD10,"OFF") -> 72 | L35: =IF(G35+H35=0,"No Data",IF(G35/(G35+H35)>=0.9,"✅ Excellent",IF(G35/(G35+H35)>=0.75,"🟡 Good",IF(G35/(G35+H35)>=0.6,"🟠 Average","🔴 Low")))) -> ✅ Excellent
A36: =IF(Griffin!B11<>"",3,"") -> 3 | B36: =IF(Griffin!B11<>"","Griffin","") -> Griffin | C36: =IF(Griffin!B11<>"",Griffin!B11,"") -> Talha Afridi Bhai | D36: =IF(Griffin!B11<>"",Griffin!C11,"") | E36: =IF(Griffin!B11<>"",HYPERLINK("tel:"&SUBSTITUTE(SUBSTITUTE(Griffin!C11,"+","+")," ",""),"📞"),"") -> 📞 | F36: =IF(Griffin!B11<>"",HYPERLINK("https://wa.me/"&SUBSTITUTE(SUBSTITUTE(Griffin!C11,"+","")," ",""),"💬"),"") -> 💬 | G36: =IF(Griffin!B11<>"",Griffin!CE11,"") -> 4 | H36: =IF(Griffin!B11<>"",Griffin!CF11,"") -> 0 | I36: =IF(Griffin!B11<>"",Griffin!CG11,"") -> 0 | J36: =IF(Griffin!B11<>"",Griffin!CH11,"") -> 100% | K36: =IF(Griffin!B11<>"",COUNTA(Griffin!I11:CD11)-COUNTIF(Griffin!I11:CD11,"OFF"),"") -> 73 | L36: =IF(Griffin!B11="","",IF(G36+H36=0,"No Data",IF(G36/(G36+H36)>=0.9,"✅ Excellent",IF(G36/(G36+H36)>=0.75,"🟡 Good",IF(G36/(G36+H36)>=0.6,"🟠 Average","🔴 Low"))))) -> ✅ Excellent
A37: =IF(Griffin!B12<>"",4,"") | B37: =IF(Griffin!B12<>"","Griffin","") | C37: =IF(Griffin!B12<>"",Griffin!B12,"") | D37: =IF(Griffin!B12<>"",Griffin!C12,"") | E37: =IF(Griffin!B12<>"",HYPERLINK("tel:"&SUBSTITUTE(SUBSTITUTE(Griffin!C12,"+","+")," ",""),"📞"),"") | F37: =IF(Griffin!B12<>"",HYPERLINK("https://wa.me/"&SUBSTITUTE(SUBSTITUTE(Griffin!C12,"+","")," ",""),"💬"),"") | G37: =IF(Griffin!B12<>"",Griffin!CE12,"") | H37: =IF(Griffin!B12<>"",Griffin!CF12,"") | I37: =IF(Griffin!B12<>"",Griffin!CG12,"") | J37: =IF(Griffin!B12<>"",Griffin!CH12,"") | K37: =IF(Griffin!B12<>"",COUNTA(Griffin!I12:CD12)-COUNTIF(Griffin!I12:CD12,"OFF"),"") | L37: =IF(Griffin!B12="","",IF(G37+H37=0,"No Data",IF(G37/(G37+H37)>=0.9,"✅ Excellent",IF(G37/(G37+H37)>=0.75,"🟡 Good",IF(G37/(G37+H37)>=0.6,"🟠 Average","🔴 Low")))))
A38: =IF(Griffin!B13<>"",5,"") | B38: =IF(Griffin!B13<>"","Griffin","") | C38: =IF(Griffin!B13<>"",Griffin!B13,"") | D38: =IF(Griffin!B13<>"",Griffin!C13,"") | E38: =IF(Griffin!B13<>"",HYPERLINK("tel:"&SUBSTITUTE(SUBSTITUTE(Griffin!C13,"+","+")," ",""),"📞"),"") | F38: =IF(Griffin!B13<>"",HYPERLINK("https://wa.me/"&SUBSTITUTE(SUBSTITUTE(Griffin!C13,"+","")," ",""),"💬"),"") | G38: =IF(Griffin!B13<>"",Griffin!CE13,"") | H38: =IF(Griffin!B13<>"",Griffin!CF13,"") | I38: =IF(Griffin!B13<>"",Griffin!CG13,"") | J38: =IF(Griffin!B13<>"",Griffin!CH13,"") | K38: =IF(Griffin!B13<>"",COUNTA(Griffin!I13:CD13)-COUNTIF(Griffin!I13:CD13,"OFF"),"") | L38: =IF(Griffin!B13="","",IF(G38+H38=0,"No Data",IF(G38/(G38+H38)>=0.9,"✅ Excellent",IF(G38/(G38+H38)>=0.75,"🟡 Good",IF(G38/(G38+H38)>=0.6,"🟠 Average","🔴 Low")))))
A40: ="▶ Johar Town — "&SUMPRODUCT((LEN(C41:C50)>0)*1)&" Murabbis" -> ▶ Johar Town — 10 Murabbis
A41: 22 | B41: Johar Town | C41: =Johar_Town!B9 -> Hamza Badar | D41: =Johar_Town!C9 -> '+923228498237 | E41: =IF(Johar_Town!C9<>"",HYPERLINK("tel:"&SUBSTITUTE(SUBSTITUTE(Johar_Town!C9,"+","+")," ",""),"📞"),"") -> 📞 | F41: =IF(Johar_Town!C9<>"",HYPERLINK("https://wa.me/"&SUBSTITUTE(SUBSTITUTE(Johar_Town!C9,"+","")," ",""),"💬"),"") -> 💬 | G41: =Johar_Town!CE9 -> 16 | H41: =Johar_Town!CF9 -> 0 | I41: =Johar_Town!CG9 -> 2 | J41: =Johar_Town!CH9 -> 100% | K41: =COUNTA(Johar_Town!I9:CD9)-COUNTIF(Johar_Town!I9:CD9,"OFF") -> 72 | L41: =IF(G41+H41=0,"No Data",IF(G41/(G41+H41)>=0.9,"✅ Excellent",IF(G41/(G41+H41)>=0.75,"🟡 Good",IF(G41/(G41+H41)>=0.6,"🟠 Average","🔴 Low")))) -> ✅ Excellent
A42: 23 | B42: Johar Town | C42: =Johar_Town!B10 -> Hassan Basil | D42: =Johar_Town!C10 -> '+923331047726 | E42: =IF(Johar_Town!C10<>"",HYPERLINK("tel:"&SUBSTITUTE(SUBSTITUTE(Johar_Town!C10,"+","+")," ",""),"📞"),"") -> 📞 | F42: =IF(Johar_Town!C10<>"",HYPERLINK("https://wa.me/"&SUBSTITUTE(SUBSTITUTE(Johar_Town!C10,"+","")," ",""),"💬"),"") -> 💬 | G42: =Johar_Town!CE10 -> 1 | H42: =Johar_Town!CF10 -> 11 | I42: =Johar_Town!CG10 -> 6 | J42: =Johar_Town!CH10 -> 8% | K42: =COUNTA(Johar_Town!I10:CD10)-COUNTIF(Johar_Town!I10:CD10,"OFF") -> 72 | L42: =IF(G42+H42=0,"No Data",IF(G42/(G42+H42)>=0.9,"✅ Excellent",IF(G42/(G42+H42)>=0.75,"🟡 Good",IF(G42/(G42+H42)>=0.6,"🟠 Average","🔴 Low")))) -> 🔴 Low
A43: 24 | B43: Johar Town | C43: =Johar_Town!B11 -> Abdullah Rizwan | D43: =Johar_Town!C11 -> '+923254419155 | E43: =IF(Johar_Town!C11<>"",HYPERLINK("tel:"&SUBSTITUTE(SUBSTITUTE(Johar_Town!C11,"+","+")," ",""),"📞"),"") -> 📞 | F43: =IF(Johar_Town!C11<>"",HYPERLINK("https://wa.me/"&SUBSTITUTE(SUBSTITUTE(Johar_Town!C11,"+","")," ",""),"💬"),"") -> 💬 | G43: =Johar_Town!CE11 -> 4 | H43: =Johar_Town!CF11 -> 11 | I43: =Johar_Town!CG11 -> 3 | J43: =Johar_Town!CH11 -> 27% | K43: =COUNTA(Johar_Town!I11:CD11)-COUNTIF(Johar_Town!I11:CD11,"OFF") -> 72 | L43: =IF(G43+H43=0,"No Data",IF(G43/(G43+H43)>=0.9,"✅ Excellent",IF(G43/(G43+H43)>=0.75,"🟡 Good",IF(G43/(G43+H43)>=0.6,"🟠 Average","🔴 Low")))) -> 🔴 Low
A44: 25 | B44: Johar Town | C44: =Johar_Town!B12 -> Musab Bin Umair | D44: =Johar_Town!C12 -> '+923092693885 | E44: =IF(Johar_Town!C12<>"",HYPERLINK("tel:"&SUBSTITUTE(SUBSTITUTE(Johar_Town!C12,"+","+")," ",""),"📞"),"") -> 📞 | F44: =IF(Johar_Town!C12<>"",HYPERLINK("https://wa.me/"&SUBSTITUTE(SUBSTITUTE(Johar_Town!C12,"+","")," ",""),"💬"),"") -> 💬 | G44: =Johar_Town!CE12 -> 7 | H44: =Johar_Town!CF12 -> 8 | I44: =Johar_Town!CG12 -> 3 | J44: =Johar_Town!CH12 -> 47% | K44: =COUNTA(Johar_Town!I12:CD12)-COUNTIF(Johar_Town!I12:CD12,"OFF") -> 72 | L44: =IF(G44+H44=0,"No Data",IF(G44/(G44+H44)>=0.9,"✅ Excellent",IF(G44/(G44+H44)>=0.75,"🟡 Good",IF(G44/(G44+H44)>=0.6,"🟠 Average","🔴 Low")))) -> 🔴 Low
A45: 26 | B45: Johar Town | C45: =Johar_Town!B13 -> Abdullah Saqib | D45: =Johar_Town!C13 | E45: =IF(Johar_Town!C13<>"",HYPERLINK("tel:"&SUBSTITUTE(SUBSTITUTE(Johar_Town!C13,"+","+")," ",""),"📞"),"") | F45: =IF(Johar_Town!C13<>"",HYPERLINK("https://wa.me/"&SUBSTITUTE(SUBSTITUTE(Johar_Town!C13,"+","")," ",""),"💬"),"") | G45: =Johar_Town!CE13 -> 16 | H45: =Johar_Town!CF13 -> 2 | I45: =Johar_Town!CG13 -> 0 | J45: =Johar_Town!CH13 -> 89% | K45: =COUNTA(Johar_Town!I13:CD13)-COUNTIF(Johar_Town!I13:CD13,"OFF") -> 72 | L45: =IF(G45+H45=0,"No Data",IF(G45/(G45+H45)>=0.9,"✅ Excellent",IF(G45/(G45+H45)>=0.75,"🟡 Good",IF(G45/(G45+H45)>=0.6,"🟠 Average","🔴 Low")))) -> 🟡 Good
A46: 27 | B46: Johar Town | C46: =Johar_Town!B14 -> Hashir | D46: =Johar_Town!C14 | E46: =IF(Johar_Town!C14<>"",HYPERLINK("tel:"&SUBSTITUTE(SUBSTITUTE(Johar_Town!C14,"+","+")," ",""),"📞"),"") | F46: =IF(Johar_Town!C14<>"",HYPERLINK("https://wa.me/"&SUBSTITUTE(SUBSTITUTE(Johar_Town!C14,"+","")," ",""),"💬"),"") | G46: =Johar_Town!CE14 -> 7 | H46: =Johar_Town!CF14 -> 4 | I46: =Johar_Town!CG14 -> 7 | J46: =Johar_Town!CH14 -> 64% | K46: =COUNTA(Johar_Town!I14:CD14)-COUNTIF(Johar_Town!I14:CD14,"OFF") -> 72 | L46: =IF(G46+H46=0,"No Data",IF(G46/(G46+H46)>=0.9,"✅ Excellent",IF(G46/(G46+H46)>=0.75,"🟡 Good",IF(G46/(G46+H46)>=0.6,"🟠 Average","🔴 Low")))) -> 🟠 Average
A47: 28 | B47: Johar Town | C47: =Johar_Town!B15 -> Abuzar | D47: =Johar_Town!C15 | E47: =IF(Johar_Town!C15<>"",HYPERLINK("tel:"&SUBSTITUTE(SUBSTITUTE(Johar_Town!C15,"+","+")," ",""),"📞"),"") | F47: =IF(Johar_Town!C15<>"",HYPERLINK("https://wa.me/"&SUBSTITUTE(SUBSTITUTE(Johar_Town!C15,"+","")," ",""),"💬"),"") | G47: =Johar_Town!CE15 -> 4 | H47: =Johar_Town!CF15 -> 7 | I47: =Johar_Town!CG15 -> 0 | J47: =Johar_Town!CH15 -> 36% | K47: =COUNTA(Johar_Town!I15:CD15)-COUNTIF(Johar_Town!I15:CD15,"OFF") -> 73 | L47: =IF(G47+H47=0,"No Data",IF(G47/(G47+H47)>=0.9,"✅ Excellent",IF(G47/(G47+H47)>=0.75,"🟡 Good",IF(G47/(G47+H47)>=0.6,"🟠 Average","🔴 Low")))) -> 🔴 Low
A48: =IF(Johar_Town!B16<>"",8,"") -> 8 | B48: =IF(Johar_Town!B16<>"","Johar Town","") -> Johar Town | C48: =IF(Johar_Town!B16<>"",Johar_Town!B16,"") -> Abdul Rafay | D48: =IF(Johar_Town!B16<>"",Johar_Town!C16,"") | E48: =IF(Johar_Town!B16<>"",HYPERLINK("tel:"&SUBSTITUTE(SUBSTITUTE(Johar_Town!C16,"+","+")," ",""),"📞"),"") -> 📞 | F48: =IF(Johar_Town!B16<>"",HYPERLINK("https://wa.me/"&SUBSTITUTE(SUBSTITUTE(Johar_Town!C16,"+","")," ",""),"💬"),"") -> 💬 | G48: =IF(Johar_Town!B16<>"",Johar_Town!CE16,"") -> 1 | H48: =IF(Johar_Town!B16<>"",Johar_Town!CF16,"") -> 8 | I48: =IF(Johar_Town!B16<>"",Johar_Town!CG16,"") -> 0 | J48: =IF(Johar_Town!B16<>"",Johar_Town!CH16,"") -> 11% | K48: =IF(Johar_Town!B16<>"",COUNTA(Johar_Town!I16:CD16)-COUNTIF(Johar_Town!I16:CD16,"OFF"),"") -> 73 | L48: =IF(Johar_Town!B16="","",IF(G48+H48=0,"No Data",IF(G48/(G48+H48)>=0.9,"✅ Excellent",IF(G48/(G48+H48)>=0.75,"🟡 Good",IF(G48/(G48+H48)>=0.6,"🟠 Average","🔴 Low"))))) -> 🔴 Low
A49: =IF(Johar_Town!B17<>"",9,"") -> 9 | B49: =IF(Johar_Town!B17<>"","Johar Town","") -> Johar Town | C49: =IF(Johar_Town!B17<>"",Johar_Town!B17,"") -> Affan | D49: =IF(Johar_Town!B17<>"",Johar_Town!C17,"") | E49: =IF(Johar_Town!B17<>"",HYPERLINK("tel:"&SUBSTITUTE(SUBSTITUTE(Johar_Town!C17,"+","+")," ",""),"📞"),"") -> 📞 | F49: =IF(Johar_Town!B17<>"",HYPERLINK("https://wa.me/"&SUBSTITUTE(SUBSTITUTE(Johar_Town!C17,"+","")," ",""),"💬"),"") -> 💬 | G49: =IF(Johar_Town!B17<>"",Johar_Town!CE17,"") -> 8 | H49: =IF(Johar_Town!B17<>"",Johar_Town!CF17,"") -> 1 | I49: =IF(Johar_Town!B17<>"",Johar_Town!CG17,"") -> 0 | J49: =IF(Johar_Town!B17<>"",Johar_Town!CH17,"") -> 89% | K49: =IF(Johar_Town!B17<>"",COUNTA(Johar_Town!I17:CD17)-COUNTIF(Johar_Town!I17:CD17,"OFF"),"") -> 73 | L49: =IF(Johar_Town!B17="","",IF(G49+H49=0,"No Data",IF(G49/(G49+H49)>=0.9,"✅ Excellent",IF(G49/(G49+H49)>=0.75,"🟡 Good",IF(G49/(G49+H49)>=0.6,"🟠 Average","🔴 Low"))))) -> 🟡 Good
A50: =IF(Johar_Town!B18<>"",10,"") -> 10 | B50: =IF(Johar_Town!B18<>"","Johar Town","") -> Johar Town | C50: =IF(Johar_Town!B18<>"",Johar_Town!B18,"") -> Anas Ibrahim | D50: =IF(Johar_Town!B18<>"",Johar_Town!C18,"") | E50: =IF(Johar_Town!B18<>"",HYPERLINK("tel:"&SUBSTITUTE(SUBSTITUTE(Johar_Town!C18,"+","+")," ",""),"📞"),"") -> 📞 | F50: =IF(Johar_Town!B18<>"",HYPERLINK("https://wa.me/"&SUBSTITUTE(SUBSTITUTE(Johar_Town!C18,"+","")," ",""),"💬"),"") -> 💬 | G50: =IF(Johar_Town!B18<>"",Johar_Town!CE18,"") -> 2 | H50: =IF(Johar_Town!B18<>"",Johar_Town!CF18,"") -> 0 | I50: =IF(Johar_Town!B18<>"",Johar_Town!CG18,"") -> 0 | J50: =IF(Johar_Town!B18<>"",Johar_Town!CH18,"") -> 100% | K50: =IF(Johar_Town!B18<>"",COUNTA(Johar_Town!I18:CD18)-COUNTIF(Johar_Town!I18:CD18,"OFF"),"") -> 73 | L50: =IF(Johar_Town!B18="","",IF(G50+H50=0,"No Data",IF(G50/(G50+H50)>=0.9,"✅ Excellent",IF(G50/(G50+H50)>=0.75,"🟡 Good",IF(G50/(G50+H50)>=0.6,"🟠 Average","🔴 Low"))))) -> ✅ Excellent
A52: ="▶ Gulshan Ravi — "&SUMPRODUCT((LEN(C53:C64)>0)*1)&" Murabbis" -> ▶ Gulshan Ravi — 10 Murabbis
A53: 29 | B53: Gulshan Ravi | C53: =Gulshan_Ravi!B9 -> Muhammad Bin shahid | D53: =Gulshan_Ravi!C9 | E53: =IF(Gulshan_Ravi!C9<>"",HYPERLINK("tel:"&SUBSTITUTE(SUBSTITUTE(Gulshan_Ravi!C9,"+","+")," ",""),"📞"),"") | F53: =IF(Gulshan_Ravi!C9<>"",HYPERLINK("https://wa.me/"&SUBSTITUTE(SUBSTITUTE(Gulshan_Ravi!C9,"+","")," ",""),"💬"),"") | G53: =Gulshan_Ravi!CE9 -> 16 | H53: =Gulshan_Ravi!CF9 -> 0 | I53: =Gulshan_Ravi!CG9 -> 1 | J53: =Gulshan_Ravi!CH9 -> 100% | K53: =COUNTA(Gulshan_Ravi!I9:CD9)-COUNTIF(Gulshan_Ravi!I9:CD9,"OFF") -> 72 | L53: =IF(G53+H53=0,"No Data",IF(G53/(G53+H53)>=0.9,"✅ Excellent",IF(G53/(G53+H53)>=0.75,"🟡 Good",IF(G53/(G53+H53)>=0.6,"🟠 Average","🔴 Low")))) -> ✅ Excellent
A54: 30 | B54: Gulshan Ravi | C54: =Gulshan_Ravi!B10 -> Abdullah Tauseef | D54: =Gulshan_Ravi!C10 -> '+923357360424 | E54: =IF(Gulshan_Ravi!C10<>"",HYPERLINK("tel:"&SUBSTITUTE(SUBSTITUTE(Gulshan_Ravi!C10,"+","+")," ",""),"📞"),"") -> 📞 | F54: =IF(Gulshan_Ravi!C10<>"",HYPERLINK("https://wa.me/"&SUBSTITUTE(SUBSTITUTE(Gulshan_Ravi!C10,"+","")," ",""),"💬"),"") -> 💬 | G54: =Gulshan_Ravi!CE10 -> 16 | H54: =Gulshan_Ravi!CF10 -> 0 | I54: =Gulshan_Ravi!CG10 -> 1 | J54: =Gulshan_Ravi!CH10 -> 100% | K54: =COUNTA(Gulshan_Ravi!I10:CD10)-COUNTIF(Gulshan_Ravi!I10:CD10,"OFF") -> 72 | L54: =IF(G54+H54=0,"No Data",IF(G54/(G54+H54)>=0.9,"✅ Excellent",IF(G54/(G54+H54)>=0.75,"🟡 Good",IF(G54/(G54+H54)>=0.6,"🟠 Average","🔴 Low")))) -> ✅ Excellent
A55: 31 | B55: Gulshan Ravi | C55: =Gulshan_Ravi!B11 -> Ghulam nabi | D55: =Gulshan_Ravi!C11 | E55: =IF(Gulshan_Ravi!C11<>"",HYPERLINK("tel:"&SUBSTITUTE(SUBSTITUTE(Gulshan_Ravi!C11,"+","+")," ",""),"📞"),"") | F55: =IF(Gulshan_Ravi!C11<>"",HYPERLINK("https://wa.me/"&SUBSTITUTE(SUBSTITUTE(Gulshan_Ravi!C11,"+","")," ",""),"💬"),"") | G55: =Gulshan_Ravi!CE11 -> 8 | H55: =Gulshan_Ravi!CF11 -> 4 | I55: =Gulshan_Ravi!CG11 -> 5 | J55: =Gulshan_Ravi!CH11 -> 67% | K55: =COUNTA(Gulshan_Ravi!I11:CD11)-COUNTIF(Gulshan_Ravi!I11:CD11,"OFF") -> 72 | L55: =IF(G55+H55=0,"No Data",IF(G55/(G55+H55)>=0.9,"✅ Excellent",IF(G55/(G55+H55)>=0.75,"🟡 Good",IF(G55/(G55+H55)>=0.6,"🟠 Average","🔴 Low")))) -> 🟠 Average
A56: 32 | B56: Gulshan Ravi | C56: =Gulshan_Ravi!B12 -> Abdullah Qasim | D56: =Gulshan_Ravi!C12 | E56: =IF(Gulshan_Ravi!C12<>"",HYPERLINK("tel:"&SUBSTITUTE(SUBSTITUTE(Gulshan_Ravi!C12,"+","+")," ",""),"📞"),"") | F56: =IF(Gulshan_Ravi!C12<>"",HYPERLINK("https://wa.me/"&SUBSTITUTE(SUBSTITUTE(Gulshan_Ravi!C12,"+","")," ",""),"💬"),"") | G56: =Gulshan_Ravi!CE12 -> 12 | H56: =Gulshan_Ravi!CF12 -> 2 | I56: =Gulshan_Ravi!CG12 -> 3 | J56: =Gulshan_Ravi!CH12 -> 86% | K56: =COUNTA(Gulshan_Ravi!I12:CD12)-COUNTIF(Gulshan_Ravi!I12:CD12,"OFF") -> 72 | L56: =IF(G56+H56=0,"No Data",IF(G56/(G56+H56)>=0.9,"✅ Excellent",IF(G56/(G56+H56)>=0.75,"🟡 Good",IF(G56/(G56+H56)>=0.6,"🟠 Average","🔴 Low")))) -> 🟡 Good
A57: 33 | B57: Gulshan Ravi | C57: =Gulshan_Ravi!B13 -> Usarim | D57: =Gulshan_Ravi!C13 | E57: =IF(Gulshan_Ravi!C13<>"",HYPERLINK("tel:"&SUBSTITUTE(SUBSTITUTE(Gulshan_Ravi!C13,"+","+")," ",""),"📞"),"") | F57: =IF(Gulshan_Ravi!C13<>"",HYPERLINK("https://wa.me/"&SUBSTITUTE(SUBSTITUTE(Gulshan_Ravi!C13,"+","")," ",""),"💬"),"") | G57: =Gulshan_Ravi!CE13 -> 11 | H57: =Gulshan_Ravi!CF13 -> 1 | I57: =Gulshan_Ravi!CG13 -> 5 | J57: =Gulshan_Ravi!CH13 -> 92% | K57: =COUNTA(Gulshan_Ravi!I13:CD13)-COUNTIF(Gulshan_Ravi!I13:CD13,"OFF") -> 72 | L57: =IF(G57+H57=0,"No Data",IF(G57/(G57+H57)>=0.9,"✅ Excellent",IF(G57/(G57+H57)>=0.75,"🟡 Good",IF(G57/(G57+H57)>=0.6,"🟠 Average","🔴 Low")))) -> ✅ Excellent
A58: 34 | B58: Gulshan Ravi | C58: =Gulshan_Ravi!B14 -> AbuBakr | D58: =Gulshan_Ravi!C14 | E58: =IF(Gulshan_Ravi!C14<>"",HYPERLINK("tel:"&SUBSTITUTE(SUBSTITUTE(Gulshan_Ravi!C14,"+","+")," ",""),"📞"),"") | F58: =IF(Gulshan_Ravi!C14<>"",HYPERLINK("https://wa.me/"&SUBSTITUTE(SUBSTITUTE(Gulshan_Ravi!C14,"+","")," ",""),"💬"),"") | G58: =Gulshan_Ravi!CE14 -> 3 | H58: =Gulshan_Ravi!CF14 -> 12 | I58: =Gulshan_Ravi!CG14 -> 2 | J58: =Gulshan_Ravi!CH14 -> 20% | K58: =COUNTA(Gulshan_Ravi!I14:CD14)-COUNTIF(Gulshan_Ravi!I14:CD14,"OFF") -> 72 | L58: =IF(G58+H58=0,"No Data",IF(G58/(G58+H58)>=0.9,"✅ Excellent",IF(G58/(G58+H58)>=0.75,"🟡 Good",IF(G58/(G58+H58)>=0.6,"🟠 Average","🔴 Low")))) -> 🔴 Low
A59: 35 | B59: Gulshan Ravi | C59: =Gulshan_Ravi!B15 -> Hafiz Ubaidullah Zahid | D59: =Gulshan_Ravi!C15 | E59: =IF(Gulshan_Ravi!C15<>"",HYPERLINK("tel:"&SUBSTITUTE(SUBSTITUTE(Gulshan_Ravi!C15,"+","+")," ",""),"📞"),"") | F59: =IF(Gulshan_Ravi!C15<>"",HYPERLINK("https://wa.me/"&SUBSTITUTE(SUBSTITUTE(Gulshan_Ravi!C15,"+","")," ",""),"💬"),"") | G59: =Gulshan_Ravi!CE15 -> 9 | H59: =Gulshan_Ravi!CF15 -> 3 | I59: =Gulshan_Ravi!CG15 -> 2 | J59: =Gulshan_Ravi!CH15 -> 75% | K59: =COUNTA(Gulshan_Ravi!I15:CD15)-COUNTIF(Gulshan_Ravi!I15:CD15,"OFF") -> 72 | L59: =IF(G59+H59=0,"No Data",IF(G59/(G59+H59)>=0.9,"✅ Excellent",IF(G59/(G59+H59)>=0.75,"🟡 Good",IF(G59/(G59+H59)>=0.6,"🟠 Average","🔴 Low")))) -> 🟡 Good
A60: 36 | B60: Gulshan Ravi | C60: =Gulshan_Ravi!B16 -> Hafiz Abdul Hadi Zahid | D60: =Gulshan_Ravi!C16 | E60: =IF(Gulshan_Ravi!C16<>"",HYPERLINK("tel:"&SUBSTITUTE(SUBSTITUTE(Gulshan_Ravi!C16,"+","+")," ",""),"📞"),"") | F60: =IF(Gulshan_Ravi!C16<>"",HYPERLINK("https://wa.me/"&SUBSTITUTE(SUBSTITUTE(Gulshan_Ravi!C16,"+","")," ",""),"💬"),"") | G60: =Gulshan_Ravi!CE16 -> 10 | H60: =Gulshan_Ravi!CF16 -> 2 | I60: =Gulshan_Ravi!CG16 -> 2 | J60: =Gulshan_Ravi!CH16 -> 83% | K60: =COUNTA(Gulshan_Ravi!I16:CD16)-COUNTIF(Gulshan_Ravi!I16:CD16,"OFF") -> 72 | L60: =IF(G60+H60=0,"No Data",IF(G60/(G60+H60)>=0.9,"✅ Excellent",IF(G60/(G60+H60)>=0.75,"🟡 Good",IF(G60/(G60+H60)>=0.6,"🟠 Average","🔴 Low")))) -> 🟡 Good
A61: 37 | B61: Gulshan Ravi | C61: =Gulshan_Ravi!B17 -> Ayan | D61: =Gulshan_Ravi!C17 | E61: =IF(Gulshan_Ravi!C17<>"",HYPERLINK("tel:"&SUBSTITUTE(SUBSTITUTE(Gulshan_Ravi!C17,"+","+")," ",""),"📞"),"") | F61: =IF(Gulshan_Ravi!C17<>"",HYPERLINK("https://wa.me/"&SUBSTITUTE(SUBSTITUTE(Gulshan_Ravi!C17,"+","")," ",""),"💬"),"") | G61: =Gulshan_Ravi!CE17 -> 11 | H61: =Gulshan_Ravi!CF17 -> 1 | I61: =Gulshan_Ravi!CG17 -> 0 | J61: =Gulshan_Ravi!CH17 -> 92% | K61: =COUNTA(Gulshan_Ravi!I17:CD17)-COUNTIF(Gulshan_Ravi!I17:CD17,"OFF") -> 72 | L61: =IF(G61+H61=0,"No Data",IF(G61/(G61+H61)>=0.9,"✅ Excellent",IF(G61/(G61+H61)>=0.75,"🟡 Good",IF(G61/(G61+H61)>=0.6,"🟠 Average","🔴 Low")))) -> ✅ Excellent
A62: =IF(Gulshan_Ravi!B18<>"",10,"") -> 10 | B62: =IF(Gulshan_Ravi!B18<>"","Gulshan Ravi","") -> Gulshan Ravi | C62: =IF(Gulshan_Ravi!B18<>"",Gulshan_Ravi!B18,"") -> Mahd | D62: =IF(Gulshan_Ravi!B18<>"",Gulshan_Ravi!C18,"") | E62: =IF(Gulshan_Ravi!B18<>"",HYPERLINK("tel:"&SUBSTITUTE(SUBSTITUTE(Gulshan_Ravi!C18,"+","+")," ",""),"📞"),"") -> 📞 | F62: =IF(Gulshan_Ravi!B18<>"",HYPERLINK("https://wa.me/"&SUBSTITUTE(SUBSTITUTE(Gulshan_Ravi!C18,"+","")," ",""),"💬"),"") -> 💬 | G62: =IF(Gulshan_Ravi!B18<>"",Gulshan_Ravi!CE18,"") -> 2 | H62: =IF(Gulshan_Ravi!B18<>"",Gulshan_Ravi!CF18,"") -> 3 | I62: =IF(Gulshan_Ravi!B18<>"",Gulshan_Ravi!CG18,"") -> 0 | J62: =IF(Gulshan_Ravi!B18<>"",Gulshan_Ravi!CH18,"") -> 40% | K62: =IF(Gulshan_Ravi!B18<>"",COUNTA(Gulshan_Ravi!I18:CD18)-COUNTIF(Gulshan_Ravi!I18:CD18,"OFF"),"") -> 73 | L62: =IF(Gulshan_Ravi!B18="","",IF(G62+H62=0,"No Data",IF(G62/(G62+H62)>=0.9,"✅ Excellent",IF(G62/(G62+H62)>=0.75,"🟡 Good",IF(G62/(G62+H62)>=0.6,"🟠 Average","🔴 Low"))))) -> 🔴 Low
A63: =IF(Gulshan_Ravi!B19<>"",11,"") | B63: =IF(Gulshan_Ravi!B19<>"","Gulshan Ravi","") | C63: =IF(Gulshan_Ravi!B19<>"",Gulshan_Ravi!B19,"") | D63: =IF(Gulshan_Ravi!B19<>"",Gulshan_Ravi!C19,"") | E63: =IF(Gulshan_Ravi!B19<>"",HYPERLINK("tel:"&SUBSTITUTE(SUBSTITUTE(Gulshan_Ravi!C19,"+","+")," ",""),"📞"),"") | F63: =IF(Gulshan_Ravi!B19<>"",HYPERLINK("https://wa.me/"&SUBSTITUTE(SUBSTITUTE(Gulshan_Ravi!C19,"+","")," ",""),"💬"),"") | G63: =IF(Gulshan_Ravi!B19<>"",Gulshan_Ravi!CE19,"") | H63: =IF(Gulshan_Ravi!B19<>"",Gulshan_Ravi!CF19,"") | I63: =IF(Gulshan_Ravi!B19<>"",Gulshan_Ravi!CG19,"") | J63: =IF(Gulshan_Ravi!B19<>"",Gulshan_Ravi!CH19,"") | K63: =IF(Gulshan_Ravi!B19<>"",COUNTA(Gulshan_Ravi!I19:CD19)-COUNTIF(Gulshan_Ravi!I19:CD19,"OFF"),"") | L63: =IF(Gulshan_Ravi!B19="","",IF(G63+H63=0,"No Data",IF(G63/(G63+H63)>=0.9,"✅ Excellent",IF(G63/(G63+H63)>=0.75,"🟡 Good",IF(G63/(G63+H63)>=0.6,"🟠 Average","🔴 Low")))))
A64: =IF(Gulshan_Ravi!B20<>"",12,"") | B64: =IF(Gulshan_Ravi!B20<>"","Gulshan Ravi","") | C64: =IF(Gulshan_Ravi!B20<>"",Gulshan_Ravi!B20,"") | D64: =IF(Gulshan_Ravi!B20<>"",Gulshan_Ravi!C20,"") | E64: =IF(Gulshan_Ravi!B20<>"",HYPERLINK("tel:"&SUBSTITUTE(SUBSTITUTE(Gulshan_Ravi!C20,"+","+")," ",""),"📞"),"") | F64: =IF(Gulshan_Ravi!B20<>"",HYPERLINK("https://wa.me/"&SUBSTITUTE(SUBSTITUTE(Gulshan_Ravi!C20,"+","")," ",""),"💬"),"") | G64: =IF(Gulshan_Ravi!B20<>"",Gulshan_Ravi!CE20,"") | H64: =IF(Gulshan_Ravi!B20<>"",Gulshan_Ravi!CF20,"") | I64: =IF(Gulshan_Ravi!B20<>"",Gulshan_Ravi!CG20,"") | J64: =IF(Gulshan_Ravi!B20<>"",Gulshan_Ravi!CH20,"") | K64: =IF(Gulshan_Ravi!B20<>"",COUNTA(Gulshan_Ravi!I20:CD20)-COUNTIF(Gulshan_Ravi!I20:CD20,"OFF"),"") | L64: =IF(Gulshan_Ravi!B20="","",IF(G64+H64=0,"No Data",IF(G64/(G64+H64)>=0.9,"✅ Excellent",IF(G64/(G64+H64)>=0.75,"🟡 Good",IF(G64/(G64+H64)>=0.6,"🟠 Average","🔴 Low")))))
A66: ="▶ State Life — "&SUMPRODUCT((LEN(C67:C73)>0)*1)&" Murabbis" -> ▶ State Life — 4 Murabbis
A67: 38 | B67: State Life | C67: =State_Life!B9 -> Hanzala Sarfaraz | D67: =State_Life!C9 | E67: =IF(State_Life!C9<>"",HYPERLINK("tel:"&SUBSTITUTE(SUBSTITUTE(State_Life!C9,"+","+")," ",""),"📞"),"") | F67: =IF(State_Life!C9<>"",HYPERLINK("https://wa.me/"&SUBSTITUTE(SUBSTITUTE(State_Life!C9,"+","")," ",""),"💬"),"") | G67: =State_Life!CE9 -> 17 | H67: =State_Life!CF9 -> 0 | I67: =State_Life!CG9 -> 2 | J67: =State_Life!CH9 -> 100% | K67: =COUNTA(State_Life!I9:CD9)-COUNTIF(State_Life!I9:CD9,"OFF") -> 72 | L67: =IF(G67+H67=0,"No Data",IF(G67/(G67+H67)>=0.9,"✅ Excellent",IF(G67/(G67+H67)>=0.75,"🟡 Good",IF(G67/(G67+H67)>=0.6,"🟠 Average","🔴 Low")))) -> ✅ Excellent
A68: 39 | B68: State Life | C68: =State_Life!B10 -> Molana Asakir | D68: =State_Life!C10 | E68: =IF(State_Life!C10<>"",HYPERLINK("tel:"&SUBSTITUTE(SUBSTITUTE(State_Life!C10,"+","+")," ",""),"📞"),"") | F68: =IF(State_Life!C10<>"",HYPERLINK("https://wa.me/"&SUBSTITUTE(SUBSTITUTE(State_Life!C10,"+","")," ",""),"💬"),"") | G68: =State_Life!CE10 -> 3 | H68: =State_Life!CF10 -> 3 | I68: =State_Life!CG10 -> 0 | J68: =State_Life!CH10 -> 50% | K68: =COUNTA(State_Life!I10:CD10)-COUNTIF(State_Life!I10:CD10,"OFF") -> 72 | L68: =IF(G68+H68=0,"No Data",IF(G68/(G68+H68)>=0.9,"✅ Excellent",IF(G68/(G68+H68)>=0.75,"🟡 Good",IF(G68/(G68+H68)>=0.6,"🟠 Average","🔴 Low")))) -> 🔴 Low
A69: 40 | B69: State Life | C69: =State_Life!B11 -> Faizan Ali | D69: =State_Life!C11 | E69: =IF(State_Life!C11<>"",HYPERLINK("tel:"&SUBSTITUTE(SUBSTITUTE(State_Life!C11,"+","+")," ",""),"📞"),"") | F69: =IF(State_Life!C11<>"",HYPERLINK("https://wa.me/"&SUBSTITUTE(SUBSTITUTE(State_Life!C11,"+","")," ",""),"💬"),"") | G69: =State_Life!CE11 -> 17 | H69: =State_Life!CF11 -> 1 | I69: =State_Life!CG11 -> 0 | J69: =State_Life!CH11 -> 94% | K69: =COUNTA(State_Life!I11:CD11)-COUNTIF(State_Life!I11:CD11,"OFF") -> 72 | L69: =IF(G69+H69=0,"No Data",IF(G69/(G69+H69)>=0.9,"✅ Excellent",IF(G69/(G69+H69)>=0.75,"🟡 Good",IF(G69/(G69+H69)>=0.6,"🟠 Average","🔴 Low")))) -> ✅ Excellent
A70: 41 | B70: State Life | C70: =State_Life!B12 -> Huzaifa Sarfaraz | D70: =State_Life!C12 | E70: =IF(State_Life!C12<>"",HYPERLINK("tel:"&SUBSTITUTE(SUBSTITUTE(State_Life!C12,"+","+")," ",""),"📞"),"") | F70: =IF(State_Life!C12<>"",HYPERLINK("https://wa.me/"&SUBSTITUTE(SUBSTITUTE(State_Life!C12,"+","")," ",""),"💬"),"") | G70: =State_Life!CE12 -> 12 | H70: =State_Life!CF12 -> 0 | I70: =State_Life!CG12 -> 7 | J70: =State_Life!CH12 -> 100% | K70: =COUNTA(State_Life!I12:CD12)-COUNTIF(State_Life!I12:CD12,"OFF") -> 72 | L70: =IF(G70+H70=0,"No Data",IF(G70/(G70+H70)>=0.9,"✅ Excellent",IF(G70/(G70+H70)>=0.75,"🟡 Good",IF(G70/(G70+H70)>=0.6,"🟠 Average","🔴 Low")))) -> ✅ Excellent
A71: =IF(State_Life!B13<>"",5,"") | B71: =IF(State_Life!B13<>"","State Life","") | C71: =IF(State_Life!B13<>"",State_Life!B13,"") | D71: =IF(State_Life!B13<>"",State_Life!C13,"") | E71: =IF(State_Life!B13<>"",HYPERLINK("tel:"&SUBSTITUTE(SUBSTITUTE(State_Life!C13,"+","+")," ",""),"📞"),"") | F71: =IF(State_Life!B13<>"",HYPERLINK("https://wa.me/"&SUBSTITUTE(SUBSTITUTE(State_Life!C13,"+","")," ",""),"💬"),"") | G71: =IF(State_Life!B13<>"",State_Life!CE13,"") | H71: =IF(State_Life!B13<>"",State_Life!CF13,"") | I71: =IF(State_Life!B13<>"",State_Life!CG13,"") | J71: =IF(State_Life!B13<>"",State_Life!CH13,"") | K71: =IF(State_Life!B13<>"",COUNTA(State_Life!I13:CD13)-COUNTIF(State_Life!I13:CD13,"OFF"),"") | L71: =IF(State_Life!B13="","",IF(G71+H71=0,"No Data",IF(G71/(G71+H71)>=0.9,"✅ Excellent",IF(G71/(G71+H71)>=0.75,"🟡 Good",IF(G71/(G71+H71)>=0.6,"🟠 Average","🔴 Low")))))
A72: =IF(State_Life!B14<>"",6,"") | B72: =IF(State_Life!B14<>"","State Life","") | C72: =IF(State_Life!B14<>"",State_Life!B14,"") | D72: =IF(State_Life!B14<>"",State_Life!C14,"") | E72: =IF(State_Life!B14<>"",HYPERLINK("tel:"&SUBSTITUTE(SUBSTITUTE(State_Life!C14,"+","+")," ",""),"📞"),"") | F72: =IF(State_Life!B14<>"",HYPERLINK("https://wa.me/"&SUBSTITUTE(SUBSTITUTE(State_Life!C14,"+","")," ",""),"💬"),"") | G72: =IF(State_Life!B14<>"",State_Life!CE14,"") | H72: =IF(State_Life!B14<>"",State_Life!CF14,"") | I72: =IF(State_Life!B14<>"",State_Life!CG14,"") | J72: =IF(State_Life!B14<>"",State_Life!CH14,"") | K72: =IF(State_Life!B14<>"",COUNTA(State_Life!I14:CD14)-COUNTIF(State_Life!I14:CD14,"OFF"),"") | L72: =IF(State_Life!B14="","",IF(G72+H72=0,"No Data",IF(G72/(G72+H72)>=0.9,"✅ Excellent",IF(G72/(G72+H72)>=0.75,"🟡 Good",IF(G72/(G72+H72)>=0.6,"🟠 Average","🔴 Low")))))
A73: =IF(State_Life!B15<>"",7,"") | B73: =IF(State_Life!B15<>"","State Life","") | C73: =IF(State_Life!B15<>"",State_Life!B15,"") | D73: =IF(State_Life!B15<>"",State_Life!C15,"") | E73: =IF(State_Life!B15<>"",HYPERLINK("tel:"&SUBSTITUTE(SUBSTITUTE(State_Life!C15,"+","+")," ",""),"📞"),"") | F73: =IF(State_Life!B15<>"",HYPERLINK("https://wa.me/"&SUBSTITUTE(SUBSTITUTE(State_Life!C15,"+","")," ",""),"💬"),"") | G73: =IF(State_Life!B15<>"",State_Life!CE15,"") | H73: =IF(State_Life!B15<>"",State_Life!CF15,"") | I73: =IF(State_Life!B15<>"",State_Life!CG15,"") | J73: =IF(State_Life!B15<>"",State_Life!CH15,"") | K73: =IF(State_Life!B15<>"",COUNTA(State_Life!I15:CD15)-COUNTIF(State_Life!I15:CD15,"OFF"),"") | L73: =IF(State_Life!B15="","",IF(G73+H73=0,"No Data",IF(G73/(G73+H73)>=0.9,"✅ Excellent",IF(G73/(G73+H73)>=0.75,"🟡 Good",IF(G73/(G73+H73)>=0.6,"🟠 Average","🔴 Low")))))
A75: ="TOTAL MURABBIS: "&SUMPRODUCT((LEN(C5:C73)>0)*1) -> TOTAL MURABBIS: 51

Sheet 📊 Class Stats
A1: 📊 SHABAB BATCH 4 – CLASS-WISE STATISTICS | Students Only | 2026-2027
D2: Gulberg | I2: Gulshan Iqbal | N2: Griffin | S2: Johar Town | X2: Gulshan Ravi | AC2: State Life | AH2: 🌍 TOTAL (All Parks)
A3: # | B3: Date | C3: Day | D3: P | E3: A | F3: L | G3: Late | H3: % | I3: P | J3: A | K3: L | L3: Late | M3: % | N3: P | O3: A | P3: L | Q3: Late | R3: % | S3: P | T3: A | U3: L | V3: Late | W3: % | X3: P | Y3: A | Z3: L | AA3: Late | AB3: % | AC3: P | AD3: A | AE3: L | AF3: Late | AG3: % | AH3: Total P | AI3: Total A | AJ3: Total L | AK3: % Haazri
A4: 1 | B4: 23 May 2026 | C4: Saturday | D4: =COUNTIFS(Gulberg!B26:B149,"<>",Gulberg!I26:I149,"Present") -> 18 | E4: =COUNTIFS(Gulberg!B26:B149,"<>",Gulberg!I26:I149,"Absent") -> 26 | F4: =COUNTIFS(Gulberg!B26:B149,"<>",Gulberg!I26:I149,"Leave") -> 1 | G4: =COUNTIFS(Gulberg!B26:B149,"<>",Gulberg!I26:I149,"Late") -> 0 | H4: =IF(D4+E4+G4=0,"-",TEXT((D4+G4)/(D4+E4+G4),"0%")) -> 41% | I4: =COUNTIFS(Gulshan_Iqbal!B21:B150,"<>",Gulshan_Iqbal!I21:I150,"Present") -> 13 | J4: =COUNTIFS(Gulshan_Iqbal!B21:B150,"<>",Gulshan_Iqbal!I21:I150,"Absent") -> 27 | K4: =COUNTIFS(Gulshan_Iqbal!B21:B150,"<>",Gulshan_Iqbal!I21:I150,"Leave") -> 0 | L4: =COUNTIFS(Gulshan_Iqbal!B21:B150,"<>",Gulshan_Iqbal!I21:I150,"Late") -> 0 | M4: =IF(I4+J4+L4=0,"-",TEXT((I4+L4)/(I4+J4+L4),"0%")) -> 33% | N4: =COUNTIFS(Griffin!B16:B152,"<>",Griffin!I16:I152,"Present") -> 10 | O4: =COUNTIFS(Griffin!B16:B152,"<>",Griffin!I16:I152,"Absent") -> 6 | P4: =COUNTIFS(Griffin!B16:B152,"<>",Griffin!I16:I152,"Leave") -> 0 | Q4: =COUNTIFS(Griffin!B16:B152,"<>",Griffin!I16:I152,"Late") -> 8 | R4: =IF(N4+O4+Q4=0,"-",TEXT((N4+Q4)/(N4+O4+Q4),"0%")) -> 75% | S4: =COUNTIFS(Johar_Town!B21:B164,"<>",Johar_Town!I21:I164,"Present") -> 0 | T4: =COUNTIFS(Johar_Town!B21:B164,"<>",Johar_Town!I21:I164,"Absent") -> 13 | U4: =COUNTIFS(Johar_Town!B21:B164,"<>",Johar_Town!I21:I164,"Leave") -> 1 | V4: =COUNTIFS(Johar_Town!B21:B164,"<>",Johar_Town!I21:I164,"Late") -> 14 | W4: =IF(S4+T4+V4=0,"-",TEXT((S4+V4)/(S4+T4+V4),"0%")) -> 52% | X4: =COUNTIFS(Gulshan_Ravi!B23:B150,"<>",Gulshan_Ravi!I23:I150,"Present") -> 13 | Y4: =COUNTIFS(Gulshan_Ravi!B23:B150,"<>",Gulshan_Ravi!I23:I150,"Absent") -> 11 | Z4: =COUNTIFS(Gulshan_Ravi!B23:B150,"<>",Gulshan_Ravi!I23:I150,"Leave") -> 0 | AA4: =COUNTIFS(Gulshan_Ravi!B23:B150,"<>",Gulshan_Ravi!I23:I150,"Late") -> 0 | AB4: =IF(X4+Y4+AA4=0,"-",TEXT((X4+AA4)/(X4+Y4+AA4),"0%")) -> 54% | AC4: =COUNTIFS(State_Life!B18:B150,"<>",State_Life!I18:I150,"Present") -> 8 | AD4: =COUNTIFS(State_Life!B18:B150,"<>",State_Life!I18:I150,"Absent") -> 5 | AE4: =COUNTIFS(State_Life!B18:B150,"<>",State_Life!I18:I150,"Leave") -> 0 | AF4: =COUNTIFS(State_Life!B18:B150,"<>",State_Life!I18:I150,"Late") -> 3 | AG4: =IF(AC4+AD4+AF4=0,"-",TEXT((AC4+AF4)/(AC4+AD4+AF4),"0%")) -> 69% | AH4: =D4+I4+N4+S4+X4+AC4 -> 62 | AI4: =E4+J4+O4+T4+Y4+AD4 -> 88 | AJ4: =F4+K4+P4+U4+Z4+AE4 -> 2 | AK4: =IF(AH4+AI4=0,"-",TEXT((AH4+(G4+L4+Q4+V4+AA4+AF4))/((D4+I4+N4+S4+X4+AC4)+(G4+L4+Q4+V4+AA4+AF4)+(E4+J4+O4+T4+Y4+AD4)),"0%")) -> 50%
A5: 2 | B5: 24 May 2026 | C5: Sunday | D5: =COUNTIFS(Gulberg!B26:B149,"<>",Gulberg!J26:J149,"Present") -> 25 | E5: =COUNTIFS(Gulberg!B26:B149,"<>",Gulberg!J26:J149,"Absent") -> 20 | F5: =COUNTIFS(Gulberg!B26:B149,"<>",Gulberg!J26:J149,"Leave") -> 0 | G5: =COUNTIFS(Gulberg!B26:B149,"<>",Gulberg!J26:J149,"Late") -> 0 | H5: =IF(D5+E5+G5=0,"-",TEXT((D5+G5)/(D5+E5+G5),"0%")) -> 56% | I5: =COUNTIFS(Gulshan_Iqbal!B21:B150,"<>",Gulshan_Iqbal!J21:J150,"Present") -> 14 | J5: =COUNTIFS(Gulshan_Iqbal!B21:B150,"<>",Gulshan_Iqbal!J21:J150,"Absent") -> 22 | K5: =COUNTIFS(Gulshan_Iqbal!B21:B150,"<>",Gulshan_Iqbal!J21:J150,"Leave") -> 2 | L5: =COUNTIFS(Gulshan_Iqbal!B21:B150,"<>",Gulshan_Iqbal!J21:J150,"Late") -> 2 | M5: =IF(I5+J5+L5=0,"-",TEXT((I5+L5)/(I5+J5+L5),"0%")) -> 42% | N5: =COUNTIFS(Griffin!B16:B152,"<>",Griffin!J16:J152,"Present") -> 12 | O5: =COUNTIFS(Griffin!B16:B152,"<>",Griffin!J16:J152,"Absent") -> 14 | P5: =COUNTIFS(Griffin!B16:B152,"<>",Griffin!J16:J152,"Leave") -> 0 | Q5: =COUNTIFS(Griffin!B16:B152,"<>",Griffin!J16:J152,"Late") -> 0 | R5: =IF(N5+O5+Q5=0,"-",TEXT((N5+Q5)/(N5+O5+Q5),"0%")) -> 46% | S5: =COUNTIFS(Johar_Town!B21:B164,"<>",Johar_Town!J21:J164,"Present") -> 0 | T5: =COUNTIFS(Johar_Town!B21:B164,"<>",Johar_Town!J21:J164,"Absent") -> 10 | U5: =COUNTIFS(Johar_Town!B21:B164,"<>",Johar_Town!J21:J164,"Leave") -> 2 | V5: =COUNTIFS(Johar_Town!B21:B164,"<>",Johar_Town!J21:J164,"Late") -> 18 | W5: =IF(S5+T5+V5=0,"-",TEXT((S5+V5)/(S5+T5+V5),"0%")) -> 64% | X5: =COUNTIFS(Gulshan_Ravi!B23:B150,"<>",Gulshan_Ravi!J23:J150,"Present") -> 2 | Y5: =COUNTIFS(Gulshan_Ravi!B23:B150,"<>",Gulshan_Ravi!J23:J150,"Absent") -> 13 | Z5: =COUNTIFS(Gulshan_Ravi!B23:B150,"<>",Gulshan_Ravi!J23:J150,"Leave") -> 0 | AA5: =COUNTIFS(Gulshan_Ravi!B23:B150,"<>",Gulshan_Ravi!J23:J150,"Late") -> 9 | AB5: =IF(X5+Y5+AA5=0,"-",TEXT((X5+AA5)/(X5+Y5+AA5),"0%")) -> 46% | AC5: =COUNTIFS(State_Life!B18:B150,"<>",State_Life!J18:J150,"Present") -> 8 | AD5: =COUNTIFS(State_Life!B18:B150,"<>",State_Life!J18:J150,"Absent") -> 4 | AE5: =COUNTIFS(State_Life!B18:B150,"<>",State_Life!J18:J150,"Leave") -> 1 | AF5: =COUNTIFS(State_Life!B18:B150,"<>",State_Life!J18:J150,"Late") -> 3 | AG5: =IF(AC5+AD5+AF5=0,"-",TEXT((AC5+AF5)/(AC5+AD5+AF5),"0%")) -> 73% | AH5: =D5+I5+N5+S5+X5+AC5 -> 61 | AI5: =E5+J5+O5+T5+Y5+AD5 -> 83 | AJ5: =F5+K5+P5+U5+Z5+AE5 -> 5 | AK5: =IF(AH5+AI5=0,"-",TEXT((AH5+(G5+L5+Q5+V5+AA5+AF5))/((D5+I5+N5+S5+X5+AC5)+(G5+L5+Q5+V5+AA5+AF5)+(E5+J5+O5+T5+Y5+AD5)),"0%")) -> 53%
A6: 3 | B6: 30 May 2026 | C6: Saturday | D6: =COUNTIFS(Gulberg!B26:B149,"<>",Gulberg!K26:K149,"Present") -> 0 | E6: =COUNTIFS(Gulberg!B26:B149,"<>",Gulberg!K26:K149,"Absent") -> 0 | F6: =COUNTIFS(Gulberg!B26:B149,"<>",Gulberg!K26:K149,"Leave") -> 0 | G6: =COUNTIFS(Gulberg!B26:B149,"<>",Gulberg!K26:K149,"Late") -> 0 | H6: =IF(D6+E6+G6=0,"-",TEXT((D6+G6)/(D6+E6+G6),"0%")) -> - | I6: =COUNTIFS(Gulshan_Iqbal!B21:B150,"<>",Gulshan_Iqbal!K21:K150,"Present") -> 0 | J6: =COUNTIFS(Gulshan_Iqbal!B21:B150,"<>",Gulshan_Iqbal!K21:K150,"Absent") -> 0 | K6: =COUNTIFS(Gulshan_Iqbal!B21:B150,"<>",Gulshan_Iqbal!K21:K150,"Leave") -> 0 | L6: =COUNTIFS(Gulshan_Iqbal!B21:B150,"<>",Gulshan_Iqbal!K21:K150,"Late") -> 0 | M6: =IF(I6+J6+L6=0,"-",TEXT((I6+L6)/(I6+J6+L6),"0%")) -> - | N6: =COUNTIFS(Griffin!B16:B152,"<>",Griffin!K16:K152,"Present") -> 0 | O6: =COUNTIFS(Griffin!B16:B152,"<>",Griffin!K16:K152,"Absent") -> 0 | P6: =COUNTIFS(Griffin!B16:B152,"<>",Griffin!K16:K152,"Leave") -> 0 | Q6: =COUNTIFS(Griffin!B16:B152,"<>",Griffin!K16:K152,"Late") -> 0 | R6: =IF(N6+O6+Q6=0,"-",TEXT((N6+Q6)/(N6+O6+Q6),"0%")) -> - | S6: =COUNTIFS(Johar_Town!B21:B164,"<>",Johar_Town!K21:K164,"Present") -> 0 | T6: =COUNTIFS(Johar_Town!B21:B164,"<>",Johar_Town!K21:K164,"Absent") -> 0 | U6: =COUNTIFS(Johar_Town!B21:B164,"<>",Johar_Town!K21:K164,"Leave") -> 0 | V6: =COUNTIFS(Johar_Town!B21:B164,"<>",Johar_Town!K21:K164,"Late") -> 0 | W6: =IF(S6+T6+V6=0,"-",TEXT((S6+V6)/(S6+T6+V6),"0%")) -> - | X6: =COUNTIFS(Gulshan_Ravi!B23:B150,"<>",Gulshan_Ravi!K23:K150,"Present") -> 0 | Y6: =COUNTIFS(Gulshan_Ravi!B23:B150,"<>",Gulshan_Ravi!K23:K150,"Absent") -> 0 | Z6: =COUNTIFS(Gulshan_Ravi!B23:B150,"<>",Gulshan_Ravi!K23:K150,"Leave") -> 0 | AA6: =COUNTIFS(Gulshan_Ravi!B23:B150,"<>",Gulshan_Ravi!K23:K150,"Late") -> 0 | AB6: =IF(X6+Y6+AA6=0,"-",TEXT((X6+AA6)/(X6+Y6+AA6),"0%")) -> - | AC6: =COUNTIFS(State_Life!B18:B150,"<>",State_Life!K18:K150,"Present") -> 0 | AD6: =COUNTIFS(State_Life!B18:B150,"<>",State_Life!K18:K150,"Absent") -> 0 | AE6: =COUNTIFS(State_Life!B18:B150,"<>",State_Life!K18:K150,"Leave") -> 0 | AF6: =COUNTIFS(State_Life!B18:B150,"<>",State_Life!K18:K150,"Late") -> 0 | AG6: =IF(AC6+AD6+AF6=0,"-",TEXT((AC6+AF6)/(AC6+AD6+AF6),"0%")) -> - | AH6: =D6+I6+N6+S6+X6+AC6 -> 0 | AI6: =E6+J6+O6+T6+Y6+AD6 -> 0 | AJ6: =F6+K6+P6+U6+Z6+AE6 -> 0 | AK6: =IF(AH6+AI6=0,"-",TEXT((AH6+(G6+L6+Q6+V6+AA6+AF6))/((D6+I6+N6+S6+X6+AC6)+(G6+L6+Q6+V6+AA6+AF6)+(E6+J6+O6+T6+Y6+AD6)),"0%")) -> -
A7: 4 | B7: 31 May 2026 | C7: Sunday | D7: =COUNTIFS(Gulberg!B26:B149,"<>",Gulberg!L26:L149,"Present") -> 24 | E7: =COUNTIFS(Gulberg!B26:B149,"<>",Gulberg!L26:L149,"Absent") -> 17 | F7: =COUNTIFS(Gulberg!B26:B149,"<>",Gulberg!L26:L149,"Leave") -> 6 | G7: =COUNTIFS(Gulberg!B26:B149,"<>",Gulberg!L26:L149,"Late") -> 0 | H7: =IF(D7+E7+G7=0,"-",TEXT((D7+G7)/(D7+E7+G7),"0%")) -> 59% | I7: =COUNTIFS(Gulshan_Iqbal!B21:B150,"<>",Gulshan_Iqbal!L21:L150,"Present") -> 12 | J7: =COUNTIFS(Gulshan_Iqbal!B21:B150,"<>",Gulshan_Iqbal!L21:L150,"Absent") -> 13 | K7: =COUNTIFS(Gulshan_Iqbal!B21:B150,"<>",Gulshan_Iqbal!L21:L150,"Leave") -> 7 | L7: =COUNTIFS(Gulshan_Iqbal!B21:B150,"<>",Gulshan_Iqbal!L21:L150,"Late") -> 8 | M7: =IF(I7+J7+L7=0,"-",TEXT((I7+L7)/(I7+J7+L7),"0%")) -> 61% | N7: =COUNTIFS(Griffin!B16:B152,"<>",Griffin!L16:L152,"Present") -> 0 | O7: =COUNTIFS(Griffin!B16:B152,"<>",Griffin!L16:L152,"Absent") -> 12 | P7: =COUNTIFS(Griffin!B16:B152,"<>",Griffin!L16:L152,"Leave") -> 1 | Q7: =COUNTIFS(Griffin!B16:B152,"<>",Griffin!L16:L152,"Late") -> 13 | R7: =IF(N7+O7+Q7=0,"-",TEXT((N7+Q7)/(N7+O7+Q7),"0%")) -> 52% | S7: =COUNTIFS(Johar_Town!B21:B164,"<>",Johar_Town!L21:L164,"Present") -> 2 | T7: =COUNTIFS(Johar_Town!B21:B164,"<>",Johar_Town!L21:L164,"Absent") -> 16 | U7: =COUNTIFS(Johar_Town!B21:B164,"<>",Johar_Town!L21:L164,"Leave") -> 5 | V7: =COUNTIFS(Johar_Town!B21:B164,"<>",Johar_Town!L21:L164,"Late") -> 7 | W7: =IF(S7+T7+V7=0,"-",TEXT((S7+V7)/(S7+T7+V7),"0%")) -> 36% | X7: =COUNTIFS(Gulshan_Ravi!B23:B150,"<>",Gulshan_Ravi!L23:L150,"Present") -> 5 | Y7: =COUNTIFS(Gulshan_Ravi!B23:B150,"<>",Gulshan_Ravi!L23:L150,"Absent") -> 8 | Z7: =COUNTIFS(Gulshan_Ravi!B23:B150,"<>",Gulshan_Ravi!L23:L150,"Leave") -> 2 | AA7: =COUNTIFS(Gulshan_Ravi!B23:B150,"<>",Gulshan_Ravi!L23:L150,"Late") -> 9 | AB7: =IF(X7+Y7+AA7=0,"-",TEXT((X7+AA7)/(X7+Y7+AA7),"0%")) -> 64% | AC7: =COUNTIFS(State_Life!B18:B150,"<>",State_Life!L18:L150,"Present") -> 6 | AD7: =COUNTIFS(State_Life!B18:B150,"<>",State_Life!L18:L150,"Absent") -> 7 | AE7: =COUNTIFS(State_Life!B18:B150,"<>",State_Life!L18:L150,"Leave") -> 0 | AF7: =COUNTIFS(State_Life!B18:B150,"<>",State_Life!L18:L150,"Late") -> 3 | AG7: =IF(AC7+AD7+AF7=0,"-",TEXT((AC7+AF7)/(AC7+AD7+AF7),"0%")) -> 56% | AH7: =D7+I7+N7+S7+X7+AC7 -> 49 | AI7: =E7+J7+O7+T7+Y7+AD7 -> 73 | AJ7: =F7+K7+P7+U7+Z7+AE7 -> 21 | AK7: =IF(AH7+AI7=0,"-",TEXT((AH7+(G7+L7+Q7+V7+AA7+AF7))/((D7+I7+N7+S7+X7+AC7)+(G7+L7+Q7+V7+AA7+AF7)+(E7+J7+O7+T7+Y7+AD7)),"0%")) -> 55%
A8: 5 | B8: 06 Jun 2026 | C8: Saturday | D8: =COUNTIFS(Gulberg!B26:B149,"<>",Gulberg!M26:M149,"Present") -> 9 | E8: =COUNTIFS(Gulberg!B26:B149,"<>",Gulberg!M26:M149,"Absent") -> 17 | F8: =COUNTIFS(Gulberg!B26:B149,"<>",Gulberg!M26:M149,"Leave") -> 6 | G8: =COUNTIFS(Gulberg!B26:B149,"<>",Gulberg!M26:M149,"Late") -> 15 | H8: =IF(D8+E8+G8=0,"-",TEXT((D8+G8)/(D8+E8+G8),"0%")) -> 59% | I8: =COUNTIFS(Gulshan_Iqbal!B21:B150,"<>",Gulshan_Iqbal!M21:M150,"Present") -> 11 | J8: =COUNTIFS(Gulshan_Iqbal!B21:B150,"<>",Gulshan_Iqbal!M21:M150,"Absent") -> 20 | K8: =COUNTIFS(Gulshan_Iqbal!B21:B150,"<>",Gulshan_Iqbal!M21:M150,"Leave") -> 4 | L8: =COUNTIFS(Gulshan_Iqbal!B21:B150,"<>",Gulshan_Iqbal!M21:M150,"Late") -> 5 | M8: =IF(I8+J8+L8=0,"-",TEXT((I8+L8)/(I8+J8+L8),"0%")) -> 44% | N8: =COUNTIFS(Griffin!B16:B152,"<>",Griffin!M16:M152,"Present") -> 13 | O8: =COUNTIFS(Griffin!B16:B152,"<>",Griffin!M16:M152,"Absent") -> 12 | P8: =COUNTIFS(Griffin!B16:B152,"<>",Griffin!M16:M152,"Leave") -> 0 | Q8: =COUNTIFS(Griffin!B16:B152,"<>",Griffin!M16:M152,"Late") -> 1 | R8: =IF(N8+O8+Q8=0,"-",TEXT((N8+Q8)/(N8+O8+Q8),"0%")) -> 54% | S8: =COUNTIFS(Johar_Town!B21:B164,"<>",Johar_Town!M21:M164,"Present") -> 5 | T8: =COUNTIFS(Johar_Town!B21:B164,"<>",Johar_Town!M21:M164,"Absent") -> 7 | U8: =COUNTIFS(Johar_Town!B21:B164,"<>",Johar_Town!M21:M164,"Leave") -> 7 | V8: =COUNTIFS(Johar_Town!B21:B164,"<>",Johar_Town!M21:M164,"Late") -> 13 | W8: =IF(S8+T8+V8=0,"-",TEXT((S8+V8)/(S8+T8+V8),"0%")) -> 72% | X8: =COUNTIFS(Gulshan_Ravi!B23:B150,"<>",Gulshan_Ravi!M23:M150,"Present") -> 12 | Y8: =COUNTIFS(Gulshan_Ravi!B23:B150,"<>",Gulshan_Ravi!M23:M150,"Absent") -> 4 | Z8: =COUNTIFS(Gulshan_Ravi!B23:B150,"<>",Gulshan_Ravi!M23:M150,"Leave") -> 0 | AA8: =COUNTIFS(Gulshan_Ravi!B23:B150,"<>",Gulshan_Ravi!M23:M150,"Late") -> 13 | AB8: =IF(X8+Y8+AA8=0,"-",TEXT((X8+AA8)/(X8+Y8+AA8),"0%")) -> 86% | AC8: =COUNTIFS(State_Life!B18:B150,"<>",State_Life!M18:M150,"Present") -> 9 | AD8: =COUNTIFS(State_Life!B18:B150,"<>",State_Life!M18:M150,"Absent") -> 5 | AE8: =COUNTIFS(State_Life!B18:B150,"<>",State_Life!M18:M150,"Leave") -> 1 | AF8: =COUNTIFS(State_Life!B18:B150,"<>",State_Life!M18:M150,"Late") -> 2 | AG8: =IF(AC8+AD8+AF8=0,"-",TEXT((AC8+AF8)/(AC8+AD8+AF8),"0%")) -> 69% | AH8: =D8+I8+N8+S8+X8+AC8 -> 59 | AI8: =E8+J8+O8+T8+Y8+AD8 -> 65 | AJ8: =F8+K8+P8+U8+Z8+AE8 -> 18 | AK8: =IF(AH8+AI8=0,"-",TEXT((AH8+(G8+L8+Q8+V8+AA8+AF8))/((D8+I8+N8+S8+X8+AC8)+(G8+L8+Q8+V8+AA8+AF8)+(E8+J8+O8+T8+Y8+AD8)),"0%")) -> 62%
A9: 6 | B9: 07 Jun 2026 | C9: Sunday | D9: =COUNTIFS(Gulberg!B26:B149,"<>",Gulberg!N26:N149,"Present") -> 10 | E9: =COUNTIFS(Gulberg!B26:B149,"<>",Gulberg!N26:N149,"Absent") -> 11 | F9: =COUNTIFS(Gulberg!B26:B149,"<>",Gulberg!N26:N149,"Leave") -> 6 | G9: =COUNTIFS(Gulberg!B26:B149,"<>",Gulberg!N26:N149,"Late") -> 24 | H9: =IF(D9+E9+G9=0,"-",TEXT((D9+G9)/(D9+E9+G9),"0%")) -> 76% | I9: =COUNTIFS(Gulshan_Iqbal!B21:B150,"<>",Gulshan_Iqbal!N21:N150,"Present") -> 13 | J9: =COUNTIFS(Gulshan_Iqbal!B21:B150,"<>",Gulshan_Iqbal!N21:N150,"Absent") -> 19 | K9: =COUNTIFS(Gulshan_Iqbal!B21:B150,"<>",Gulshan_Iqbal!N21:N150,"Leave") -> 4 | L9: =COUNTIFS(Gulshan_Iqbal!B21:B150,"<>",Gulshan_Iqbal!N21:N150,"Late") -> 6 | M9: =IF(I9+J9+L9=0,"-",TEXT((I9+L9)/(I9+J9+L9),"0%")) -> 50% | N9: =COUNTIFS(Griffin!B16:B152,"<>",Griffin!N16:N152,"Present") -> 2 | O9: =COUNTIFS(Griffin!B16:B152,"<>",Griffin!N16:N152,"Absent") -> 14 | P9: =COUNTIFS(Griffin!B16:B152,"<>",Griffin!N16:N152,"Leave") -> 0 | Q9: =COUNTIFS(Griffin!B16:B152,"<>",Griffin!N16:N152,"Late") -> 13 | R9: =IF(N9+O9+Q9=0,"-",TEXT((N9+Q9)/(N9+O9+Q9),"0%")) -> 52% | S9: =COUNTIFS(Johar_Town!B21:B164,"<>",Johar_Town!N21:N164,"Present") -> 6 | T9: =COUNTIFS(Johar_Town!B21:B164,"<>",Johar_Town!N21:N164,"Absent") -> 8 | U9: =COUNTIFS(Johar_Town!B21:B164,"<>",Johar_Town!N21:N164,"Leave") -> 3 | V9: =COUNTIFS(Johar_Town!B21:B164,"<>",Johar_Town!N21:N164,"Late") -> 16 | W9: =IF(S9+T9+V9=0,"-",TEXT((S9+V9)/(S9+T9+V9),"0%")) -> 73% | X9: =COUNTIFS(Gulshan_Ravi!B23:B150,"<>",Gulshan_Ravi!N23:N150,"Present") -> 13 | Y9: =COUNTIFS(Gulshan_Ravi!B23:B150,"<>",Gulshan_Ravi!N23:N150,"Absent") -> 5 | Z9: =COUNTIFS(Gulshan_Ravi!B23:B150,"<>",Gulshan_Ravi!N23:N150,"Leave") -> 0 | AA9: =COUNTIFS(Gulshan_Ravi!B23:B150,"<>",Gulshan_Ravi!N23:N150,"Late") -> 11 | AB9: =IF(X9+Y9+AA9=0,"-",TEXT((X9+AA9)/(X9+Y9+AA9),"0%")) -> 83% | AC9: =COUNTIFS(State_Life!B18:B150,"<>",State_Life!N18:N150,"Present") -> 3 | AD9: =COUNTIFS(State_Life!B18:B150,"<>",State_Life!N18:N150,"Absent") -> 7 | AE9: =COUNTIFS(State_Life!B18:B150,"<>",State_Life!N18:N150,"Leave") -> 0 | AF9: =COUNTIFS(State_Life!B18:B150,"<>",State_Life!N18:N150,"Late") -> 7 | AG9: =IF(AC9+AD9+AF9=0,"-",TEXT((AC9+AF9)/(AC9+AD9+AF9),"0%")) -> 59% | AH9: =D9+I9+N9+S9+X9+AC9 -> 47 | AI9: =E9+J9+O9+T9+Y9+AD9 -> 64 | AJ9: =F9+K9+P9+U9+Z9+AE9 -> 13 | AK9: =IF(AH9+AI9=0,"-",TEXT((AH9+(G9+L9+Q9+V9+AA9+AF9))/((D9+I9+N9+S9+X9+AC9)+(G9+L9+Q9+V9+AA9+AF9)+(E9+J9+O9+T9+Y9+AD9)),"0%")) -> 66%
A10: 7 | B10: 13 Jun 2026 | C10: Saturday | D10: =COUNTIFS(Gulberg!B26:B149,"<>",Gulberg!O26:O149,"Present") -> 5 | E10: =COUNTIFS(Gulberg!B26:B149,"<>",Gulberg!O26:O149,"Absent") -> 19 | F10: =COUNTIFS(Gulberg!B26:B149,"<>",Gulberg!O26:O149,"Leave") -> 6 | G10: =COUNTIFS(Gulberg!B26:B149,"<>",Gulberg!O26:O149,"Late") -> 16 | H10: =IF(D10+E10+G10=0,"-",TEXT((D10+G10)/(D10+E10+G10),"0%")) -> 53% | I10: =COUNTIFS(Gulshan_Iqbal!B21:B150,"<>",Gulshan_Iqbal!O21:O150,"Present") -> 9 | J10: =COUNTIFS(Gulshan_Iqbal!B21:B150,"<>",Gulshan_Iqbal!O21:O150,"Absent") -> 15 | K10: =COUNTIFS(Gulshan_Iqbal!B21:B150,"<>",Gulshan_Iqbal!O21:O150,"Leave") -> 16 | L10: =COUNTIFS(Gulshan_Iqbal!B21:B150,"<>",Gulshan_Iqbal!O21:O150,"Late") -> 10 | M10: =IF(I10+J10+L10=0,"-",TEXT((I10+L10)/(I10+J10+L10),"0%")) -> 56% | N10: =COUNTIFS(Griffin!B16:B152,"<>",Griffin!O16:O152,"Present") -> 2 | O10: =COUNTIFS(Griffin!B16:B152,"<>",Griffin!O16:O152,"Absent") -> 2 | P10: =COUNTIFS(Griffin!B16:B152,"<>",Griffin!O16:O152,"Leave") -> 2 | Q10: =COUNTIFS(Griffin!B16:B152,"<>",Griffin!O16:O152,"Late") -> 9 | R10: =IF(N10+O10+Q10=0,"-",TEXT((N10+Q10)/(N10+O10+Q10),"0%")) -> 85% | S10: =COUNTIFS(Johar_Town!B21:B164,"<>",Johar_Town!O21:O164,"Present") -> 6 | T10: =COUNTIFS(Johar_Town!B21:B164,"<>",Johar_Town!O21:O164,"Absent") -> 14 | U10: =COUNTIFS(Johar_Town!B21:B164,"<>",Johar_Town!O21:O164,"Leave") -> 2 | V10: =COUNTIFS(Johar_Town!B21:B164,"<>",Johar_Town!O21:O164,"Late") -> 10 | W10: =IF(S10+T10+V10=0,"-",TEXT((S10+V10)/(S10+T10+V10),"0%")) -> 53% | X10: =COUNTIFS(Gulshan_Ravi!B23:B150,"<>",Gulshan_Ravi!O23:O150,"Present") -> 13 | Y10: =COUNTIFS(Gulshan_Ravi!B23:B150,"<>",Gulshan_Ravi!O23:O150,"Absent") -> 12 | Z10: =COUNTIFS(Gulshan_Ravi!B23:B150,"<>",Gulshan_Ravi!O23:O150,"Leave") -> 2 | AA10: =COUNTIFS(Gulshan_Ravi!B23:B150,"<>",Gulshan_Ravi!O23:O150,"Late") -> 5 | AB10: =IF(X10+Y10+AA10=0,"-",TEXT((X10+AA10)/(X10+Y10+AA10),"0%")) -> 60% | AC10: =COUNTIFS(State_Life!B18:B150,"<>",State_Life!O18:O150,"Present") -> 7 | AD10: =COUNTIFS(State_Life!B18:B150,"<>",State_Life!O18:O150,"Absent") -> 10 | AE10: =COUNTIFS(State_Life!B18:B150,"<>",State_Life!O18:O150,"Leave") -> 1 | AF10: =COUNTIFS(State_Life!B18:B150,"<>",State_Life!O18:O150,"Late") -> 0 | AG10: =IF(AC10+AD10+AF10=0,"-",TEXT((AC10+AF10)/(AC10+AD10+AF10),"0%")) -> 41% | AH10: =D10+I10+N10+S10+X10+AC10 -> 42 | AI10: =E10+J10+O10+T10+Y10+AD10 -> 72 | AJ10: =F10+K10+P10+U10+Z10+AE10 -> 29 | AK10: =IF(AH10+AI10=0,"-",TEXT((AH10+(G10+L10+Q10+V10+AA10+AF10))/((D10+I10+N10+S10+X10+AC10)+(G10+L10+Q10+V10+AA10+AF10)+(E10+J10+O10+T10+Y10+AD10)),"0%")) -> 56%
A11: 8 | B11: 14 Jun 2026 | C11: Sunday | D11: =COUNTIFS(Gulberg!B26:B149,"<>",Gulberg!P26:P149,"Present") -> 17 | E11: =COUNTIFS(Gulberg!B26:B149,"<>",Gulberg!P26:P149,"Absent") -> 12 | F11: =COUNTIFS(Gulberg!B26:B149,"<>",Gulberg!P26:P149,"Leave") -> 10 | G11: =COUNTIFS(Gulberg!B26:B149,"<>",Gulberg!P26:P149,"Late") -> 16 | H11: =IF(D11+E11+G11=0,"-",TEXT((D11+G11)/(D11+E11+G11),"0%")) -> 73% | I11: =COUNTIFS(Gulshan_Iqbal!B21:B150,"<>",Gulshan_Iqbal!P21:P150,"Present") -> 7 | J11: =COUNTIFS(Gulshan_Iqbal!B21:B150,"<>",Gulshan_Iqbal!P21:P150,"Absent") -> 18 | K11: =COUNTIFS(Gulshan_Iqbal!B21:B150,"<>",Gulshan_Iqbal!P21:P150,"Leave") -> 11 | L11: =COUNTIFS(Gulshan_Iqbal!B21:B150,"<>",Gulshan_Iqbal!P21:P150,"Late") -> 17 | M11: =IF(I11+J11+L11=0,"-",TEXT((I11+L11)/(I11+J11+L11),"0%")) -> 57% | N11: =COUNTIFS(Griffin!B16:B152,"<>",Griffin!P16:P152,"Present") -> 10 | O11: =COUNTIFS(Griffin!B16:B152,"<>",Griffin!P16:P152,"Absent") -> 4 | P11: =COUNTIFS(Griffin!B16:B152,"<>",Griffin!P16:P152,"Leave") -> 1 | Q11: =COUNTIFS(Griffin!B16:B152,"<>",Griffin!P16:P152,"Late") -> 0 | R11: =IF(N11+O11+Q11=0,"-",TEXT((N11+Q11)/(N11+O11+Q11),"0%")) -> 71% | S11: =COUNTIFS(Johar_Town!B21:B164,"<>",Johar_Town!P21:P164,"Present") -> 11 | T11: =COUNTIFS(Johar_Town!B21:B164,"<>",Johar_Town!P21:P164,"Absent") -> 9 | U11: =COUNTIFS(Johar_Town!B21:B164,"<>",Johar_Town!P21:P164,"Leave") -> 0 | V11: =COUNTIFS(Johar_Town!B21:B164,"<>",Johar_Town!P21:P164,"Late") -> 14 | W11: =IF(S11+T11+V11=0,"-",TEXT((S11+V11)/(S11+T11+V11),"0%")) -> 74% | X11: =COUNTIFS(Gulshan_Ravi!B23:B150,"<>",Gulshan_Ravi!P23:P150,"Present") -> 12 | Y11: =COUNTIFS(Gulshan_Ravi!B23:B150,"<>",Gulshan_Ravi!P23:P150,"Absent") -> 11 | Z11: =COUNTIFS(Gulshan_Ravi!B23:B150,"<>",Gulshan_Ravi!P23:P150,"Leave") -> 2 | AA11: =COUNTIFS(Gulshan_Ravi!B23:B150,"<>",Gulshan_Ravi!P23:P150,"Late") -> 9 | AB11: =IF(X11+Y11+AA11=0,"-",TEXT((X11+AA11)/(X11+Y11+AA11),"0%")) -> 66% | AC11: =COUNTIFS(State_Life!B18:B150,"<>",State_Life!P18:P150,"Present") -> 2 | AD11: =COUNTIFS(State_Life!B18:B150,"<>",State_Life!P18:P150,"Absent") -> 9 | AE11: =COUNTIFS(State_Life!B18:B150,"<>",State_Life!P18:P150,"Leave") -> 0 | AF11: =COUNTIFS(State_Life!B18:B150,"<>",State_Life!P18:P150,"Late") -> 7 | AG11: =IF(AC11+AD11+AF11=0,"-",TEXT((AC11+AF11)/(AC11+AD11+AF11),"0%")) -> 50% | AH11: =D11+I11+N11+S11+X11+AC11 -> 59 | AI11: =E11+J11+O11+T11+Y11+AD11 -> 63 | AJ11: =F11+K11+P11+U11+Z11+AE11 -> 24 | AK11: =IF(AH11+AI11=0,"-",TEXT((AH11+(G11+L11+Q11+V11+AA11+AF11))/((D11+I11+N11+S11+X11+AC11)+(G11+L11+Q11+V11+AA11+AF11)+(E11+J11+O11+T11+Y11+AD11)),"0%")) -> 66%
A12: 9 | B12: 20 Jun 2026 | C12: Saturday | D12: =COUNTIFS(Gulberg!B26:B149,"<>",Gulberg!Q26:Q149,"Present") -> 19 | E12: =COUNTIFS(Gulberg!B26:B149,"<>",Gulberg!Q26:Q149,"Absent") -> 17 | F12: =COUNTIFS(Gulberg!B26:B149,"<>",Gulberg!Q26:Q149,"Leave") -> 10 | G12: =COUNTIFS(Gulberg!B26:B149,"<>",Gulberg!Q26:Q149,"Late") -> 10 | H12: =IF(D12+E12+G12=0,"-",TEXT((D12+G12)/(D12+E12+G12),"0%")) -> 63% | I12: =COUNTIFS(Gulshan_Iqbal!B21:B150,"<>",Gulshan_Iqbal!Q21:Q150,"Present") -> 10 | J12: =COUNTIFS(Gulshan_Iqbal!B21:B150,"<>",Gulshan_Iqbal!Q21:Q150,"Absent") -> 29 | K12: =COUNTIFS(Gulshan_Iqbal!B21:B150,"<>",Gulshan_Iqbal!Q21:Q150,"Leave") -> 8 | L12: =COUNTIFS(Gulshan_Iqbal!B21:B150,"<>",Gulshan_Iqbal!Q21:Q150,"Late") -> 5 | M12: =IF(I12+J12+L12=0,"-",TEXT((I12+L12)/(I12+J12+L12),"0%")) -> 34% | N12: =COUNTIFS(Griffin!B16:B152,"<>",Griffin!Q16:Q152,"Present") -> 10 | O12: =COUNTIFS(Griffin!B16:B152,"<>",Griffin!Q16:Q152,"Absent") -> 15 | P12: =COUNTIFS(Griffin!B16:B152,"<>",Griffin!Q16:Q152,"Leave") -> 2 | Q12: =COUNTIFS(Griffin!B16:B152,"<>",Griffin!Q16:Q152,"Late") -> 6 | R12: =IF(N12+O12+Q12=0,"-",TEXT((N12+Q12)/(N12+O12+Q12),"0%")) -> 52% | S12: =COUNTIFS(Johar_Town!B21:B164,"<>",Johar_Town!Q21:Q164,"Present") -> 13 | T12: =COUNTIFS(Johar_Town!B21:B164,"<>",Johar_Town!Q21:Q164,"Absent") -> 5 | U12: =COUNTIFS(Johar_Town!B21:B164,"<>",Johar_Town!Q21:Q164,"Leave") -> 4 | V12: =COUNTIFS(Johar_Town!B21:B164,"<>",Johar_Town!Q21:Q164,"Late") -> 13 | W12: =IF(S12+T12+V12=0,"-",TEXT((S12+V12)/(S12+T12+V12),"0%")) -> 84% | X12: =COUNTIFS(Gulshan_Ravi!B23:B150,"<>",Gulshan_Ravi!Q23:Q150,"Present") -> 17 | Y12: =COUNTIFS(Gulshan_Ravi!B23:B150,"<>",Gulshan_Ravi!Q23:Q150,"Absent") -> 9 | Z12: =COUNTIFS(Gulshan_Ravi!B23:B150,"<>",Gulshan_Ravi!Q23:Q150,"Leave") -> 3 | AA12: =COUNTIFS(Gulshan_Ravi!B23:B150,"<>",Gulshan_Ravi!Q23:Q150,"Late") -> 6 | AB12: =IF(X12+Y12+AA12=0,"-",TEXT((X12+AA12)/(X12+Y12+AA12),"0%")) -> 72% | AC12: =COUNTIFS(State_Life!B18:B150,"<>",State_Life!Q18:Q150,"Present") -> 0 | AD12: =COUNTIFS(State_Life!B18:B150,"<>",State_Life!Q18:Q150,"Absent") -> 9 | AE12: =COUNTIFS(State_Life!B18:B150,"<>",State_Life!Q18:Q150,"Leave") -> 3 | AF12: =COUNTIFS(State_Life!B18:B150,"<>",State_Life!Q18:Q150,"Late") -> 6 | AG12: =IF(AC12+AD12+AF12=0,"-",TEXT((AC12+AF12)/(AC12+AD12+AF12),"0%")) -> 40% | AH12: =D12+I12+N12+S12+X12+AC12 -> 69 | AI12: =E12+J12+O12+T12+Y12+AD12 -> 84 | AJ12: =F12+K12+P12+U12+Z12+AE12 -> 30 | AK12: =IF(AH12+AI12=0,"-",TEXT((AH12+(G12+L12+Q12+V12+AA12+AF12))/((D12+I12+N12+S12+X12+AC12)+(G12+L12+Q12+V12+AA12+AF12)+(E12+J12+O12+T12+Y12+AD12)),"0%")) -> 58%
A13: 10 | B13: 21 Jun 2026 | C13: Sunday | D13: =COUNTIFS(Gulberg!B26:B149,"<>",Gulberg!R26:R149,"Present") -> 21 | E13: =COUNTIFS(Gulberg!B26:B149,"<>",Gulberg!R26:R149,"Absent") -> 9 | F13: =COUNTIFS(Gulberg!B26:B149,"<>",Gulberg!R26:R149,"Leave") -> 8 | G13: =COUNTIFS(Gulberg!B26:B149,"<>",Gulberg!R26:R149,"Late") -> 17 | H13: =IF(D13+E13+G13=0,"-",TEXT((D13+G13)/(D13+E13+G13),"0%")) -> 81% | I13: =COUNTIFS(Gulshan_Iqbal!B21:B150,"<>",Gulshan_Iqbal!R21:R150,"Present") -> 10 | J13: =COUNTIFS(Gulshan_Iqbal!B21:B150,"<>",Gulshan_Iqbal!R21:R150,"Absent") -> 32 | K13: =COUNTIFS(Gulshan_Iqbal!B21:B150,"<>",Gulshan_Iqbal!R21:R150,"Leave") -> 8 | L13: =COUNTIFS(Gulshan_Iqbal!B21:B150,"<>",Gulshan_Iqbal!R21:R150,"Late") -> 4 | M13: =IF(I13+J13+L13=0,"-",TEXT((I13+L13)/(I13+J13+L13),"0%")) -> 30% | N13: =COUNTIFS(Griffin!B16:B152,"<>",Griffin!R16:R152,"Present") -> 5 | O13: =COUNTIFS(Griffin!B16:B152,"<>",Griffin!R16:R152,"Absent") -> 18 | P13: =COUNTIFS(Griffin!B16:B152,"<>",Griffin!R16:R152,"Leave") -> 1 | Q13: =COUNTIFS(Griffin!B16:B152,"<>",Griffin!R16:R152,"Late") -> 9 | R13: =IF(N13+O13+Q13=0,"-",TEXT((N13+Q13)/(N13+O13+Q13),"0%")) -> 44% | S13: =COUNTIFS(Johar_Town!B21:B164,"<>",Johar_Town!R21:R164,"Present") -> 9 | T13: =COUNTIFS(Johar_Town!B21:B164,"<>",Johar_Town!R21:R164,"Absent") -> 8 | U13: =COUNTIFS(Johar_Town!B21:B164,"<>",Johar_Town!R21:R164,"Leave") -> 6 | V13: =COUNTIFS(Johar_Town!B21:B164,"<>",Johar_Town!R21:R164,"Late") -> 13 | W13: =IF(S13+T13+V13=0,"-",TEXT((S13+V13)/(S13+T13+V13),"0%")) -> 73% | X13: =COUNTIFS(Gulshan_Ravi!B23:B150,"<>",Gulshan_Ravi!R23:R150,"Present") -> 17 | Y13: =COUNTIFS(Gulshan_Ravi!B23:B150,"<>",Gulshan_Ravi!R23:R150,"Absent") -> 9 | Z13: =COUNTIFS(Gulshan_Ravi!B23:B150,"<>",Gulshan_Ravi!R23:R150,"Leave") -> 4 | AA13: =COUNTIFS(Gulshan_Ravi!B23:B150,"<>",Gulshan_Ravi!R23:R150,"Late") -> 5 | AB13: =IF(X13+Y13+AA13=0,"-",TEXT((X13+AA13)/(X13+Y13+AA13),"0%")) -> 71% | AC13: =COUNTIFS(State_Life!B18:B150,"<>",State_Life!R18:R150,"Present") -> 0 | AD13: =COUNTIFS(State_Life!B18:B150,"<>",State_Life!R18:R150,"Absent") -> 9 | AE13: =COUNTIFS(State_Life!B18:B150,"<>",State_Life!R18:R150,"Leave") -> 3 | AF13: =COUNTIFS(State_Life!B18:B150,"<>",State_Life!R18:R150,"Late") -> 6 | AG13: =IF(AC13+AD13+AF13=0,"-",TEXT((AC13+AF13)/(AC13+AD13+AF13),"0%")) -> 40% | AH13: =D13+I13+N13+S13+X13+AC13 -> 62 | AI13: =E13+J13+O13+T13+Y13+AD13 -> 85 | AJ13: =F13+K13+P13+U13+Z13+AE13 -> 30 | AK13: =IF(AH13+AI13=0,"-",TEXT((AH13+(G13+L13+Q13+V13+AA13+AF13))/((D13+I13+N13+S13+X13+AC13)+(G13+L13+Q13+V13+AA13+AF13)+(E13+J13+O13+T13+Y13+AD13)),"0%")) -> 58%
A14: 11 | B14: 27 Jun 2026 | C14: Saturday | D14: =COUNTIFS(Gulberg!B26:B149,"<>",Gulberg!S26:S149,"Present") -> 14 | E14: =COUNTIFS(Gulberg!B26:B149,"<>",Gulberg!S26:S149,"Absent") -> 19 | F14: =COUNTIFS(Gulberg!B26:B149,"<>",Gulberg!S26:S149,"Leave") -> 14 | G14: =COUNTIFS(Gulberg!B26:B149,"<>",Gulberg!S26:S149,"Late") -> 10 | H14: =IF(D14+E14+G14=0,"-",TEXT((D14+G14)/(D14+E14+G14),"0%")) -> 56% | I14: =COUNTIFS(Gulshan_Iqbal!B21:B150,"<>",Gulshan_Iqbal!S21:S150,"Present") -> 4 | J14: =COUNTIFS(Gulshan_Iqbal!B21:B150,"<>",Gulshan_Iqbal!S21:S150,"Absent") -> 31 | K14: =COUNTIFS(Gulshan_Iqbal!B21:B150,"<>",Gulshan_Iqbal!S21:S150,"Leave") -> 8 | L14: =COUNTIFS(Gulshan_Iqbal!B21:B150,"<>",Gulshan_Iqbal!S21:S150,"Late") -> 7 | M14: =IF(I14+J14+L14=0,"-",TEXT((I14+L14)/(I14+J14+L14),"0%")) -> 26% | N14: =COUNTIFS(Griffin!B16:B152,"<>",Griffin!S16:S152,"Present") -> 6 | O14: =COUNTIFS(Griffin!B16:B152,"<>",Griffin!S16:S152,"Absent") -> 16 | P14: =COUNTIFS(Griffin!B16:B152,"<>",Griffin!S16:S152,"Leave") -> 3 | Q14: =COUNTIFS(Griffin!B16:B152,"<>",Griffin!S16:S152,"Late") -> 14 | R14: =IF(N14+O14+Q14=0,"-",TEXT((N14+Q14)/(N14+O14+Q14),"0%")) -> 56% | S14: =COUNTIFS(Johar_Town!B21:B164,"<>",Johar_Town!S21:S164,"Present") -> 8 | T14: =COUNTIFS(Johar_Town!B21:B164,"<>",Johar_Town!S21:S164,"Absent") -> 9 | U14: =COUNTIFS(Johar_Town!B21:B164,"<>",Johar_Town!S21:S164,"Leave") -> 3 | V14: =COUNTIFS(Johar_Town!B21:B164,"<>",Johar_Town!S21:S164,"Late") -> 16 | W14: =IF(S14+T14+V14=0,"-",TEXT((S14+V14)/(S14+T14+V14),"0%")) -> 73% | X14: =COUNTIFS(Gulshan_Ravi!B23:B150,"<>",Gulshan_Ravi!S23:S150,"Present") -> 19 | Y14: =COUNTIFS(Gulshan_Ravi!B23:B150,"<>",Gulshan_Ravi!S23:S150,"Absent") -> 13 | Z14: =COUNTIFS(Gulshan_Ravi!B23:B150,"<>",Gulshan_Ravi!S23:S150,"Leave") -> 0 | AA14: =COUNTIFS(Gulshan_Ravi!B23:B150,"<>",Gulshan_Ravi!S23:S150,"Late") -> 6 | AB14: =IF(X14+Y14+AA14=0,"-",TEXT((X14+AA14)/(X14+Y14+AA14),"0%")) -> 66% | AC14: =COUNTIFS(State_Life!B18:B150,"<>",State_Life!S18:S150,"Present") -> 3 | AD14: =COUNTIFS(State_Life!B18:B150,"<>",State_Life!S18:S150,"Absent") -> 8 | AE14: =COUNTIFS(State_Life!B18:B150,"<>",State_Life!S18:S150,"Leave") -> 3 | AF14: =COUNTIFS(State_Life!B18:B150,"<>",State_Life!S18:S150,"Late") -> 4 | AG14: =IF(AC14+AD14+AF14=0,"-",TEXT((AC14+AF14)/(AC14+AD14+AF14),"0%")) -> 47% | AH14: =D14+I14+N14+S14+X14+AC14 -> 54 | AI14: =E14+J14+O14+T14+Y14+AD14 -> 96 | AJ14: =F14+K14+P14+U14+Z14+AE14 -> 31 | AK14: =IF(AH14+AI14=0,"-",TEXT((AH14+(G14+L14+Q14+V14+AA14+AF14))/((D14+I14+N14+S14+X14+AC14)+(G14+L14+Q14+V14+AA14+AF14)+(E14+J14+O14+T14+Y14+AD14)),"0%")) -> 54%
A15: 12 | B15: 28 Jun 2026 | C15: Sunday | D15: =COUNTIFS(Gulberg!B26:B149,"<>",Gulberg!T26:T149,"Present") -> 25 | E15: =COUNTIFS(Gulberg!B26:B149,"<>",Gulberg!T26:T149,"Absent") -> 12 | F15: =COUNTIFS(Gulberg!B26:B149,"<>",Gulberg!T26:T149,"Leave") -> 18 | G15: =COUNTIFS(Gulberg!B26:B149,"<>",Gulberg!T26:T149,"Late") -> 0 | H15: =IF(D15+E15+G15=0,"-",TEXT((D15+G15)/(D15+E15+G15),"0%")) -> 68% | I15: =COUNTIFS(Gulshan_Iqbal!B21:B150,"<>",Gulshan_Iqbal!T21:T150,"Present") -> 26 | J15: =COUNTIFS(Gulshan_Iqbal!B21:B150,"<>",Gulshan_Iqbal!T21:T150,"Absent") -> 24 | K15: =COUNTIFS(Gulshan_Iqbal!B21:B150,"<>",Gulshan_Iqbal!T21:T150,"Leave") -> 4 | L15: =COUNTIFS(Gulshan_Iqbal!B21:B150,"<>",Gulshan_Iqbal!T21:T150,"Late") -> 0 | M15: =IF(I15+J15+L15=0,"-",TEXT((I15+L15)/(I15+J15+L15),"0%")) -> 52% | N15: =COUNTIFS(Griffin!B16:B152,"<>",Griffin!T16:T152,"Present") -> 22 | O15: =COUNTIFS(Griffin!B16:B152,"<>",Griffin!T16:T152,"Absent") -> 16 | P15: =COUNTIFS(Griffin!B16:B152,"<>",Griffin!T16:T152,"Leave") -> 2 | Q15: =COUNTIFS(Griffin!B16:B152,"<>",Griffin!T16:T152,"Late") -> 0 | R15: =IF(N15+O15+Q15=0,"-",TEXT((N15+Q15)/(N15+O15+Q15),"0%")) -> 58% | S15: =COUNTIFS(Johar_Town!B21:B164,"<>",Johar_Town!T21:T164,"Present") -> 27 | T15: =COUNTIFS(Johar_Town!B21:B164,"<>",Johar_Town!T21:T164,"Absent") -> 6 | U15: =COUNTIFS(Johar_Town!B21:B164,"<>",Johar_Town!T21:T164,"Leave") -> 3 | V15: =COUNTIFS(Johar_Town!B21:B164,"<>",Johar_Town!T21:T164,"Late") -> 0 | W15: =IF(S15+T15+V15=0,"-",TEXT((S15+V15)/(S15+T15+V15),"0%")) -> 82% | X15: =COUNTIFS(Gulshan_Ravi!B23:B150,"<>",Gulshan_Ravi!T23:T150,"Present") -> 26 | Y15: =COUNTIFS(Gulshan_Ravi!B23:B150,"<>",Gulshan_Ravi!T23:T150,"Absent") -> 7 | Z15: =COUNTIFS(Gulshan_Ravi!B23:B150,"<>",Gulshan_Ravi!T23:T150,"Leave") -> 2 | AA15: =COUNTIFS(Gulshan_Ravi!B23:B150,"<>",Gulshan_Ravi!T23:T150,"Late") -> 0 | AB15: =IF(X15+Y15+AA15=0,"-",TEXT((X15+AA15)/(X15+Y15+AA15),"0%")) -> 79% | AC15: =COUNTIFS(State_Life!B18:B150,"<>",State_Life!T18:T150,"Present") -> 8 | AD15: =COUNTIFS(State_Life!B18:B150,"<>",State_Life!T18:T150,"Absent") -> 5 | AE15: =COUNTIFS(State_Life!B18:B150,"<>",State_Life!T18:T150,"Leave") -> 2 | AF15: =COUNTIFS(State_Life!B18:B150,"<>",State_Life!T18:T150,"Late") -> 3 | AG15: =IF(AC15+AD15+AF15=0,"-",TEXT((AC15+AF15)/(AC15+AD15+AF15),"0%")) -> 69% | AH15: =D15+I15+N15+S15+X15+AC15 -> 134 | AI15: =E15+J15+O15+T15+Y15+AD15 -> 70 | AJ15: =F15+K15+P15+U15+Z15+AE15 -> 31 | AK15: =IF(AH15+AI15=0,"-",TEXT((AH15+(G15+L15+Q15+V15+AA15+AF15))/((D15+I15+N15+S15+X15+AC15)+(G15+L15+Q15+V15+AA15+AF15)+(E15+J15+O15+T15+Y15+AD15)),"0%")) -> 66%
A16: 13 | B16: 04 Jul 2026 | C16: Saturday | D16: =COUNTIFS(Gulberg!B26:B149,"<>",Gulberg!U26:U149,"Present") -> 13 | E16: =COUNTIFS(Gulberg!B26:B149,"<>",Gulberg!U26:U149,"Absent") -> 15 | F16: =COUNTIFS(Gulberg!B26:B149,"<>",Gulberg!U26:U149,"Leave") -> 13 | G16: =COUNTIFS(Gulberg!B26:B149,"<>",Gulberg!U26:U149,"Late") -> 12 | H16: =IF(D16+E16+G16=0,"-",TEXT((D16+G16)/(D16+E16+G16),"0%")) -> 63% | I16: =COUNTIFS(Gulshan_Iqbal!B21:B150,"<>",Gulshan_Iqbal!U21:U150,"Present") -> 9 | J16: =COUNTIFS(Gulshan_Iqbal!B21:B150,"<>",Gulshan_Iqbal!U21:U150,"Absent") -> 29 | K16: =COUNTIFS(Gulshan_Iqbal!B21:B150,"<>",Gulshan_Iqbal!U21:U150,"Leave") -> 5 | L16: =COUNTIFS(Gulshan_Iqbal!B21:B150,"<>",Gulshan_Iqbal!U21:U150,"Late") -> 8 | M16: =IF(I16+J16+L16=0,"-",TEXT((I16+L16)/(I16+J16+L16),"0%")) -> 37% | N16: =COUNTIFS(Griffin!B16:B152,"<>",Griffin!U16:U152,"Present") -> 4 | O16: =COUNTIFS(Griffin!B16:B152,"<>",Griffin!U16:U152,"Absent") -> 15 | P16: =COUNTIFS(Griffin!B16:B152,"<>",Griffin!U16:U152,"Leave") -> 2 | Q16: =COUNTIFS(Griffin!B16:B152,"<>",Griffin!U16:U152,"Late") -> 19 | R16: =IF(N16+O16+Q16=0,"-",TEXT((N16+Q16)/(N16+O16+Q16),"0%")) -> 61% | S16: =COUNTIFS(Johar_Town!B21:B164,"<>",Johar_Town!U21:U164,"Present") -> 4 | T16: =COUNTIFS(Johar_Town!B21:B164,"<>",Johar_Town!U21:U164,"Absent") -> 18 | U16: =COUNTIFS(Johar_Town!B21:B164,"<>",Johar_Town!U21:U164,"Leave") -> 4 | V16: =COUNTIFS(Johar_Town!B21:B164,"<>",Johar_Town!U21:U164,"Late") -> 10 | W16: =IF(S16+T16+V16=0,"-",TEXT((S16+V16)/(S16+T16+V16),"0%")) -> 44% | X16: =COUNTIFS(Gulshan_Ravi!B23:B150,"<>",Gulshan_Ravi!U23:U150,"Present") -> 11 | Y16: =COUNTIFS(Gulshan_Ravi!B23:B150,"<>",Gulshan_Ravi!U23:U150,"Absent") -> 21 | Z16: =COUNTIFS(Gulshan_Ravi!B23:B150,"<>",Gulshan_Ravi!U23:U150,"Leave") -> 5 | AA16: =COUNTIFS(Gulshan_Ravi!B23:B150,"<>",Gulshan_Ravi!U23:U150,"Late") -> 2 | AB16: =IF(X16+Y16+AA16=0,"-",TEXT((X16+AA16)/(X16+Y16+AA16),"0%")) -> 38% | AC16: =COUNTIFS(State_Life!B18:B150,"<>",State_Life!U18:U150,"Present") -> 1 | AD16: =COUNTIFS(State_Life!B18:B150,"<>",State_Life!U18:U150,"Absent") -> 9 | AE16: =COUNTIFS(State_Life!B18:B150,"<>",State_Life!U18:U150,"Leave") -> 1 | AF16: =COUNTIFS(State_Life!B18:B150,"<>",State_Life!U18:U150,"Late") -> 5 | AG16: =IF(AC16+AD16+AF16=0,"-",TEXT((AC16+AF16)/(AC16+AD16+AF16),"0%")) -> 40% | AH16: =D16+I16+N16+S16+X16+AC16 -> 42 | AI16: =E16+J16+O16+T16+Y16+AD16 -> 107 | AJ16: =F16+K16+P16+U16+Z16+AE16 -> 30 | AK16: =IF(AH16+AI16=0,"-",TEXT((AH16+(G16+L16+Q16+V16+AA16+AF16))/((D16+I16+N16+S16+X16+AC16)+(G16+L16+Q16+V16+AA16+AF16)+(E16+J16+O16+T16+Y16+AD16)),"0%")) -> 48%
A17: 14 | B17: 05 Jul 2026 | C17: Sunday | D17: =COUNTIFS(Gulberg!B26:B149,"<>",Gulberg!V26:V149,"Present") -> 15 | E17: =COUNTIFS(Gulberg!B26:B149,"<>",Gulberg!V26:V149,"Absent") -> 13 | F17: =COUNTIFS(Gulberg!B26:B149,"<>",Gulberg!V26:V149,"Leave") -> 16 | G17: =COUNTIFS(Gulberg!B26:B149,"<>",Gulberg!V26:V149,"Late") -> 12 | H17: =IF(D17+E17+G17=0,"-",TEXT((D17+G17)/(D17+E17+G17),"0%")) -> 68% | I17: =COUNTIFS(Gulshan_Iqbal!B21:B150,"<>",Gulshan_Iqbal!V21:V150,"Present") -> 12 | J17: =COUNTIFS(Gulshan_Iqbal!B21:B150,"<>",Gulshan_Iqbal!V21:V150,"Absent") -> 36 | K17: =COUNTIFS(Gulshan_Iqbal!B21:B150,"<>",Gulshan_Iqbal!V21:V150,"Leave") -> 2 | L17: =COUNTIFS(Gulshan_Iqbal!B21:B150,"<>",Gulshan_Iqbal!V21:V150,"Late") -> 4 | M17: =IF(I17+J17+L17=0,"-",TEXT((I17+L17)/(I17+J17+L17),"0%")) -> 31% | N17: =COUNTIFS(Griffin!B16:B152,"<>",Griffin!V16:V152,"Present") -> 13 | O17: =COUNTIFS(Griffin!B16:B152,"<>",Griffin!V16:V152,"Absent") -> 15 | P17: =COUNTIFS(Griffin!B16:B152,"<>",Griffin!V16:V152,"Leave") -> 6 | Q17: =COUNTIFS(Griffin!B16:B152,"<>",Griffin!V16:V152,"Late") -> 7 | R17: =IF(N17+O17+Q17=0,"-",TEXT((N17+Q17)/(N17+O17+Q17),"0%")) -> 57% | S17: =COUNTIFS(Johar_Town!B21:B164,"<>",Johar_Town!V21:V164,"Present") -> 9 | T17: =COUNTIFS(Johar_Town!B21:B164,"<>",Johar_Town!V21:V164,"Absent") -> 14 | U17: =COUNTIFS(Johar_Town!B21:B164,"<>",Johar_Town!V21:V164,"Leave") -> 6 | V17: =COUNTIFS(Johar_Town!B21:B164,"<>",Johar_Town!V21:V164,"Late") -> 7 | W17: =IF(S17+T17+V17=0,"-",TEXT((S17+V17)/(S17+T17+V17),"0%")) -> 53% | X17: =COUNTIFS(Gulshan_Ravi!B23:B150,"<>",Gulshan_Ravi!V23:V150,"Present") -> 15 | Y17: =COUNTIFS(Gulshan_Ravi!B23:B150,"<>",Gulshan_Ravi!V23:V150,"Absent") -> 18 | Z17: =COUNTIFS(Gulshan_Ravi!B23:B150,"<>",Gulshan_Ravi!V23:V150,"Leave") -> 4 | AA17: =COUNTIFS(Gulshan_Ravi!B23:B150,"<>",Gulshan_Ravi!V23:V150,"Late") -> 1 | AB17: =IF(X17+Y17+AA17=0,"-",TEXT((X17+AA17)/(X17+Y17+AA17),"0%")) -> 47% | AC17: =COUNTIFS(State_Life!B18:B150,"<>",State_Life!V18:V150,"Present") -> 1 | AD17: =COUNTIFS(State_Life!B18:B150,"<>",State_Life!V18:V150,"Absent") -> 11 | AE17: =COUNTIFS(State_Life!B18:B150,"<>",State_Life!V18:V150,"Leave") -> 1 | AF17: =COUNTIFS(State_Life!B18:B150,"<>",State_Life!V18:V150,"Late") -> 3 | AG17: =IF(AC17+AD17+AF17=0,"-",TEXT((AC17+AF17)/(AC17+AD17+AF17),"0%")) -> 27% | AH17: =D17+I17+N17+S17+X17+AC17 -> 65 | AI17: =E17+J17+O17+T17+Y17+AD17 -> 107 | AJ17: =F17+K17+P17+U17+Z17+AE17 -> 35 | AK17: =IF(AH17+AI17=0,"-",TEXT((AH17+(G17+L17+Q17+V17+AA17+AF17))/((D17+I17+N17+S17+X17+AC17)+(G17+L17+Q17+V17+AA17+AF17)+(E17+J17+O17+T17+Y17+AD17)),"0%")) -> 48%
A18: 15 | B18: 11 Jul 2026 | C18: Saturday | D18: =COUNTIFS(Gulberg!B26:B149,"<>",Gulberg!W26:W149,"Present") -> 0 | E18: =COUNTIFS(Gulberg!B26:B149,"<>",Gulberg!W26:W149,"Absent") -> 1 | F18: =COUNTIFS(Gulberg!B26:B149,"<>",Gulberg!W26:W149,"Leave") -> 4 | G18: =COUNTIFS(Gulberg!B26:B149,"<>",Gulberg!W26:W149,"Late") -> 0 | H18: =IF(D18+E18+G18=0,"-",TEXT((D18+G18)/(D18+E18+G18),"0%")) -> 0% | I18: =COUNTIFS(Gulshan_Iqbal!B21:B150,"<>",Gulshan_Iqbal!W21:W150,"Present") -> 0 | J18: =COUNTIFS(Gulshan_Iqbal!B21:B150,"<>",Gulshan_Iqbal!W21:W150,"Absent") -> 0 | K18: =COUNTIFS(Gulshan_Iqbal!B21:B150,"<>",Gulshan_Iqbal!W21:W150,"Leave") -> 0 | L18: =COUNTIFS(Gulshan_Iqbal!B21:B150,"<>",Gulshan_Iqbal!W21:W150,"Late") -> 0 | M18: =IF(I18+J18+L18=0,"-",TEXT((I18+L18)/(I18+J18+L18),"0%")) -> - | N18: =COUNTIFS(Griffin!B16:B152,"<>",Griffin!W16:W152,"Present") -> 0 | O18: =COUNTIFS(Griffin!B16:B152,"<>",Griffin!W16:W152,"Absent") -> 0 | P18: =COUNTIFS(Griffin!B16:B152,"<>",Griffin!W16:W152,"Leave") -> 0 | Q18: =COUNTIFS(Griffin!B16:B152,"<>",Griffin!W16:W152,"Late") -> 0 | R18: =IF(N18+O18+Q18=0,"-",TEXT((N18+Q18)/(N18+O18+Q18),"0%")) -> - | S18: =COUNTIFS(Johar_Town!B21:B164,"<>",Johar_Town!W21:W164,"Present") -> 0 | T18: =COUNTIFS(Johar_Town!B21:B164,"<>",Johar_Town!W21:W164,"Absent") -> 0 | U18: =COUNTIFS(Johar_Town!B21:B164,"<>",Johar_Town!W21:W164,"Leave") -> 0 | V18: =COUNTIFS(Johar_Town!B21:B164,"<>",Johar_Town!W21:W164,"Late") -> 0 | W18: =IF(S18+T18+V18=0,"-",TEXT((S18+V18)/(S18+T18+V18),"0%")) -> - | X18: =COUNTIFS(Gulshan_Ravi!B23:B150,"<>",Gulshan_Ravi!W23:W150,"Present") -> 0 | Y18: =COUNTIFS(Gulshan_Ravi!B23:B150,"<>",Gulshan_Ravi!W23:W150,"Absent") -> 0 | Z18: =COUNTIFS(Gulshan_Ravi!B23:B150,"<>",Gulshan_Ravi!W23:W150,"Leave") -> 0 | AA18: =COUNTIFS(Gulshan_Ravi!B23:B150,"<>",Gulshan_Ravi!W23:W150,"Late") -> 0 | AB18: =IF(X18+Y18+AA18=0,"-",TEXT((X18+AA18)/(X18+Y18+AA18),"0%")) -> - | AC18: =COUNTIFS(State_Life!B18:B150,"<>",State_Life!W18:W150,"Present") -> 0 | AD18: =COUNTIFS(State_Life!B18:B150,"<>",State_Life!W18:W150,"Absent") -> 0 | AE18: =COUNTIFS(State_Life!B18:B150,"<>",State_Life!W18:W150,"Leave") -> 0 | AF18: =COUNTIFS(State_Life!B18:B150,"<>",State_Life!W18:W150,"Late") -> 0 | AG18: =IF(AC18+AD18+AF18=0,"-",TEXT((AC18+AF18)/(AC18+AD18+AF18),"0%")) -> - | AH18: =D18+I18+N18+S18+X18+AC18 -> 0 | AI18: =E18+J18+O18+T18+Y18+AD18 -> 1 | AJ18: =F18+K18+P18+U18+Z18+AE18 -> 4 | AK18: =IF(AH18+AI18=0,"-",TEXT((AH18+(G18+L18+Q18+V18+AA18+AF18))/((D18+I18+N18+S18+X18+AC18)+(G18+L18+Q18+V18+AA18+AF18)+(E18+J18+O18+T18+Y18+AD18)),"0%")) -> 0%
A19: 16 | B19: 12 Jul 2026 | C19: Sunday | D19: =COUNTIFS(Gulberg!B26:B149,"<>",Gulberg!X26:X149,"Present") -> 8 | E19: =COUNTIFS(Gulberg!B26:B149,"<>",Gulberg!X26:X149,"Absent") -> 19 | F19: =COUNTIFS(Gulberg!B26:B149,"<>",Gulberg!X26:X149,"Leave") -> 6 | G19: =COUNTIFS(Gulberg!B26:B149,"<>",Gulberg!X26:X149,"Late") -> 21 | H19: =IF(D19+E19+G19=0,"-",TEXT((D19+G19)/(D19+E19+G19),"0%")) -> 60% | I19: =COUNTIFS(Gulshan_Iqbal!B21:B150,"<>",Gulshan_Iqbal!X21:X150,"Present") -> 6 | J19: =COUNTIFS(Gulshan_Iqbal!B21:B150,"<>",Gulshan_Iqbal!X21:X150,"Absent") -> 30 | K19: =COUNTIFS(Gulshan_Iqbal!B21:B150,"<>",Gulshan_Iqbal!X21:X150,"Leave") -> 6 | L19: =COUNTIFS(Gulshan_Iqbal!B21:B150,"<>",Gulshan_Iqbal!X21:X150,"Late") -> 10 | M19: =IF(I19+J19+L19=0,"-",TEXT((I19+L19)/(I19+J19+L19),"0%")) -> 35% | N19: =COUNTIFS(Griffin!B16:B152,"<>",Griffin!X16:X152,"Present") -> 15 | O19: =COUNTIFS(Griffin!B16:B152,"<>",Griffin!X16:X152,"Absent") -> 18 | P19: =COUNTIFS(Griffin!B16:B152,"<>",Griffin!X16:X152,"Leave") -> 2 | Q19: =COUNTIFS(Griffin!B16:B152,"<>",Griffin!X16:X152,"Late") -> 6 | R19: =IF(N19+O19+Q19=0,"-",TEXT((N19+Q19)/(N19+O19+Q19),"0%")) -> 54% | S19: =COUNTIFS(Johar_Town!B21:B164,"<>",Johar_Town!X21:X164,"Present") -> 6 | T19: =COUNTIFS(Johar_Town!B21:B164,"<>",Johar_Town!X21:X164,"Absent") -> 21 | U19: =COUNTIFS(Johar_Town!B21:B164,"<>",Johar_Town!X21:X164,"Leave") -> 5 | V19: =COUNTIFS(Johar_Town!B21:B164,"<>",Johar_Town!X21:X164,"Late") -> 4 | W19: =IF(S19+T19+V19=0,"-",TEXT((S19+V19)/(S19+T19+V19),"0%")) -> 32% | X19: =COUNTIFS(Gulshan_Ravi!B23:B150,"<>",Gulshan_Ravi!X23:X150,"Present") -> 11 | Y19: =COUNTIFS(Gulshan_Ravi!B23:B150,"<>",Gulshan_Ravi!X23:X150,"Absent") -> 20 | Z19: =COUNTIFS(Gulshan_Ravi!B23:B150,"<>",Gulshan_Ravi!X23:X150,"Leave") -> 4 | AA19: =COUNTIFS(Gulshan_Ravi!B23:B150,"<>",Gulshan_Ravi!X23:X150,"Late") -> 5 | AB19: =IF(X19+Y19+AA19=0,"-",TEXT((X19+AA19)/(X19+Y19+AA19),"0%")) -> 44% | AC19: =COUNTIFS(State_Life!B18:B150,"<>",State_Life!X18:X150,"Present") -> 1 | AD19: =COUNTIFS(State_Life!B18:B150,"<>",State_Life!X18:X150,"Absent") -> 10 | AE19: =COUNTIFS(State_Life!B18:B150,"<>",State_Life!X18:X150,"Leave") -> 1 | AF19: =COUNTIFS(State_Life!B18:B150,"<>",State_Life!X18:X150,"Late") -> 4 | AG19: =IF(AC19+AD19+AF19=0,"-",TEXT((AC19+AF19)/(AC19+AD19+AF19),"0%")) -> 33% | AH19: =D19+I19+N19+S19+X19+AC19 -> 47 | AI19: =E19+J19+O19+T19+Y19+AD19 -> 118 | AJ19: =F19+K19+P19+U19+Z19+AE19 -> 24 | AK19: =IF(AH19+AI19=0,"-",TEXT((AH19+(G19+L19+Q19+V19+AA19+AF19))/((D19+I19+N19+S19+X19+AC19)+(G19+L19+Q19+V19+AA19+AF19)+(E19+J19+O19+T19+Y19+AD19)),"0%")) -> 45%
A20: 17 | B20: 18 Jul 2026 | C20: Saturday | D20: =COUNTIFS(Gulberg!B26:B149,"<>",Gulberg!Y26:Y149,"Present") -> 8 | E20: =COUNTIFS(Gulberg!B26:B149,"<>",Gulberg!Y26:Y149,"Absent") -> 15 | F20: =COUNTIFS(Gulberg!B26:B149,"<>",Gulberg!Y26:Y149,"Leave") -> 13 | G20: =COUNTIFS(Gulberg!B26:B149,"<>",Gulberg!Y26:Y149,"Late") -> 14 | H20: =IF(D20+E20+G20=0,"-",TEXT((D20+G20)/(D20+E20+G20),"0%")) -> 59% | I20: =COUNTIFS(Gulshan_Iqbal!B21:B150,"<>",Gulshan_Iqbal!Y21:Y150,"Present") -> 12 | J20: =COUNTIFS(Gulshan_Iqbal!B21:B150,"<>",Gulshan_Iqbal!Y21:Y150,"Absent") -> 24 | K20: =COUNTIFS(Gulshan_Iqbal!B21:B150,"<>",Gulshan_Iqbal!Y21:Y150,"Leave") -> 4 | L20: =COUNTIFS(Gulshan_Iqbal!B21:B150,"<>",Gulshan_Iqbal!Y21:Y150,"Late") -> 10 | M20: =IF(I20+J20+L20=0,"-",TEXT((I20+L20)/(I20+J20+L20),"0%")) -> 48% | N20: =COUNTIFS(Griffin!B16:B152,"<>",Griffin!Y16:Y152,"Present") -> 2 | O20: =COUNTIFS(Griffin!B16:B152,"<>",Griffin!Y16:Y152,"Absent") -> 19 | P20: =COUNTIFS(Griffin!B16:B152,"<>",Griffin!Y16:Y152,"Leave") -> 3 | Q20: =COUNTIFS(Griffin!B16:B152,"<>",Griffin!Y16:Y152,"Late") -> 17 | R20: =IF(N20+O20+Q20=0,"-",TEXT((N20+Q20)/(N20+O20+Q20),"0%")) -> 50% | S20: =COUNTIFS(Johar_Town!B21:B164,"<>",Johar_Town!Y21:Y164,"Present") -> 3 | T20: =COUNTIFS(Johar_Town!B21:B164,"<>",Johar_Town!Y21:Y164,"Absent") -> 13 | U20: =COUNTIFS(Johar_Town!B21:B164,"<>",Johar_Town!Y21:Y164,"Leave") -> 7 | V20: =COUNTIFS(Johar_Town!B21:B164,"<>",Johar_Town!Y21:Y164,"Late") -> 13 | W20: =IF(S20+T20+V20=0,"-",TEXT((S20+V20)/(S20+T20+V20),"0%")) -> 55% | X20: =COUNTIFS(Gulshan_Ravi!B23:B150,"<>",Gulshan_Ravi!Y23:Y150,"Present") -> 12 | Y20: =COUNTIFS(Gulshan_Ravi!B23:B150,"<>",Gulshan_Ravi!Y23:Y150,"Absent") -> 14 | Z20: =COUNTIFS(Gulshan_Ravi!B23:B150,"<>",Gulshan_Ravi!Y23:Y150,"Leave") -> 3 | AA20: =COUNTIFS(Gulshan_Ravi!B23:B150,"<>",Gulshan_Ravi!Y23:Y150,"Late") -> 6 | AB20: =IF(X20+Y20+AA20=0,"-",TEXT((X20+AA20)/(X20+Y20+AA20),"0%")) -> 56% | AC20: =COUNTIFS(State_Life!B18:B150,"<>",State_Life!Y18:Y150,"Present") -> 1 | AD20: =COUNTIFS(State_Life!B18:B150,"<>",State_Life!Y18:Y150,"Absent") -> 11 | AE20: =COUNTIFS(State_Life!B18:B150,"<>",State_Life!Y18:Y150,"Leave") -> 1 | AF20: =COUNTIFS(State_Life!B18:B150,"<>",State_Life!Y18:Y150,"Late") -> 4 | AG20: =IF(AC20+AD20+AF20=0,"-",TEXT((AC20+AF20)/(AC20+AD20+AF20),"0%")) -> 31% | AH20: =D20+I20+N20+S20+X20+AC20 -> 38 | AI20: =E20+J20+O20+T20+Y20+AD20 -> 96 | AJ20: =F20+K20+P20+U20+Z20+AE20 -> 31 | AK20: =IF(AH20+AI20=0,"-",TEXT((AH20+(G20+L20+Q20+V20+AA20+AF20))/((D20+I20+N20+S20+X20+AC20)+(G20+L20+Q20+V20+AA20+AF20)+(E20+J20+O20+T20+Y20+AD20)),"0%")) -> 52%
A21: 18 | B21: 19 Jul 2026 | C21: Sunday | D21: =COUNTIFS(Gulberg!B26:B149,"<>",Gulberg!Z26:Z149,"Present") -> 8 | E21: =COUNTIFS(Gulberg!B26:B149,"<>",Gulberg!Z26:Z149,"Absent") -> 19 | F21: =COUNTIFS(Gulberg!B26:B149,"<>",Gulberg!Z26:Z149,"Leave") -> 12 | G21: =COUNTIFS(Gulberg!B26:B149,"<>",Gulberg!Z26:Z149,"Late") -> 13 | H21: =IF(D21+E21+G21=0,"-",TEXT((D21+G21)/(D21+E21+G21),"0%")) -> 53% | I21: =COUNTIFS(Gulshan_Iqbal!B21:B150,"<>",Gulshan_Iqbal!Z21:Z150,"Present") -> 3 | J21: =COUNTIFS(Gulshan_Iqbal!B21:B150,"<>",Gulshan_Iqbal!Z21:Z150,"Absent") -> 34 | K21: =COUNTIFS(Gulshan_Iqbal!B21:B150,"<>",Gulshan_Iqbal!Z21:Z150,"Leave") -> 1 | L21: =COUNTIFS(Gulshan_Iqbal!B21:B150,"<>",Gulshan_Iqbal!Z21:Z150,"Late") -> 15 | M21: =IF(I21+J21+L21=0,"-",TEXT((I21+L21)/(I21+J21+L21),"0%")) -> 35% | N21: =COUNTIFS(Griffin!B16:B152,"<>",Griffin!Z16:Z152,"Present") -> 1 | O21: =COUNTIFS(Griffin!B16:B152,"<>",Griffin!Z16:Z152,"Absent") -> 19 | P21: =COUNTIFS(Griffin!B16:B152,"<>",Griffin!Z16:Z152,"Leave") -> 5 | Q21: =COUNTIFS(Griffin!B16:B152,"<>",Griffin!Z16:Z152,"Late") -> 16 | R21: =IF(N21+O21+Q21=0,"-",TEXT((N21+Q21)/(N21+O21+Q21),"0%")) -> 47% | S21: =COUNTIFS(Johar_Town!B21:B164,"<>",Johar_Town!Z21:Z164,"Present") -> 4 | T21: =COUNTIFS(Johar_Town!B21:B164,"<>",Johar_Town!Z21:Z164,"Absent") -> 18 | U21: =COUNTIFS(Johar_Town!B21:B164,"<>",Johar_Town!Z21:Z164,"Leave") -> 6 | V21: =COUNTIFS(Johar_Town!B21:B164,"<>",Johar_Town!Z21:Z164,"Late") -> 8 | W21: =IF(S21+T21+V21=0,"-",TEXT((S21+V21)/(S21+T21+V21),"0%")) -> 40% | X21: =COUNTIFS(Gulshan_Ravi!B23:B150,"<>",Gulshan_Ravi!Z23:Z150,"Present") -> 15 | Y21: =COUNTIFS(Gulshan_Ravi!B23:B150,"<>",Gulshan_Ravi!Z23:Z150,"Absent") -> 15 | Z21: =COUNTIFS(Gulshan_Ravi!B23:B150,"<>",Gulshan_Ravi!Z23:Z150,"Leave") -> 5 | AA21: =COUNTIFS(Gulshan_Ravi!B23:B150,"<>",Gulshan_Ravi!Z23:Z150,"Late") -> 3 | AB21: =IF(X21+Y21+AA21=0,"-",TEXT((X21+AA21)/(X21+Y21+AA21),"0%")) -> 55% | AC21: =COUNTIFS(State_Life!B18:B150,"<>",State_Life!Z18:Z150,"Present") -> 5 | AD21: =COUNTIFS(State_Life!B18:B150,"<>",State_Life!Z18:Z150,"Absent") -> 8 | AE21: =COUNTIFS(State_Life!B18:B150,"<>",State_Life!Z18:Z150,"Leave") -> 1 | AF21: =COUNTIFS(State_Life!B18:B150,"<>",State_Life!Z18:Z150,"Late") -> 4 | AG21: =IF(AC21+AD21+AF21=0,"-",TEXT((AC21+AF21)/(AC21+AD21+AF21),"0%")) -> 53% | AH21: =D21+I21+N21+S21+X21+AC21 -> 36 | AI21: =E21+J21+O21+T21+Y21+AD21 -> 113 | AJ21: =F21+K21+P21+U21+Z21+AE21 -> 30 | AK21: =IF(AH21+AI21=0,"-",TEXT((AH21+(G21+L21+Q21+V21+AA21+AF21))/((D21+I21+N21+S21+X21+AC21)+(G21+L21+Q21+V21+AA21+AF21)+(E21+J21+O21+T21+Y21+AD21)),"0%")) -> 46%
A22: 19 | B22: 25 Jul 2026 | C22: Saturday | D22: =COUNTIFS(Gulberg!B26:B149,"<>",Gulberg!AA26:AA149,"Present") -> 6 | E22: =COUNTIFS(Gulberg!B26:B149,"<>",Gulberg!AA26:AA149,"Absent") -> 22 | F22: =COUNTIFS(Gulberg!B26:B149,"<>",Gulberg!AA26:AA149,"Leave") -> 10 | G22: =COUNTIFS(Gulberg!B26:B149,"<>",Gulberg!AA26:AA149,"Late") -> 8 | H22: =IF(D22+E22+G22=0,"-",TEXT((D22+G22)/(D22+E22+G22),"0%")) -> 39% | I22: =COUNTIFS(Gulshan_Iqbal!B21:B150,"<>",Gulshan_Iqbal!AA21:AA150,"Present") -> 13 | J22: =COUNTIFS(Gulshan_Iqbal!B21:B150,"<>",Gulshan_Iqbal!AA21:AA150,"Absent") -> 36 | K22: =COUNTIFS(Gulshan_Iqbal!B21:B150,"<>",Gulshan_Iqbal!AA21:AA150,"Leave") -> 1 | L22: =COUNTIFS(Gulshan_Iqbal!B21:B150,"<>",Gulshan_Iqbal!AA21:AA150,"Late") -> 0 | M22: =IF(I22+J22+L22=0,"-",TEXT((I22+L22)/(I22+J22+L22),"0%")) -> 27% | N22: =COUNTIFS(Griffin!B16:B152,"<>",Griffin!AA16:AA152,"Present") -> 2 | O22: =COUNTIFS(Griffin!B16:B152,"<>",Griffin!AA16:AA152,"Absent") -> 25 | P22: =COUNTIFS(Griffin!B16:B152,"<>",Griffin!AA16:AA152,"Leave") -> 2 | Q22: =COUNTIFS(Griffin!B16:B152,"<>",Griffin!AA16:AA152,"Late") -> 13 | R22: =IF(N22+O22+Q22=0,"-",TEXT((N22+Q22)/(N22+O22+Q22),"0%")) -> 38% | S22: =COUNTIFS(Johar_Town!B21:B164,"<>",Johar_Town!AA21:AA164,"Present") -> 7 | T22: =COUNTIFS(Johar_Town!B21:B164,"<>",Johar_Town!AA21:AA164,"Absent") -> 19 | U22: =COUNTIFS(Johar_Town!B21:B164,"<>",Johar_Town!AA21:AA164,"Leave") -> 6 | V22: =COUNTIFS(Johar_Town!B21:B164,"<>",Johar_Town!AA21:AA164,"Late") -> 3 | W22: =IF(S22+T22+V22=0,"-",TEXT((S22+V22)/(S22+T22+V22),"0%")) -> 34% | X22: =COUNTIFS(Gulshan_Ravi!B23:B150,"<>",Gulshan_Ravi!AA23:AA150,"Present") -> 9 | Y22: =COUNTIFS(Gulshan_Ravi!B23:B150,"<>",Gulshan_Ravi!AA23:AA150,"Absent") -> 14 | Z22: =COUNTIFS(Gulshan_Ravi!B23:B150,"<>",Gulshan_Ravi!AA23:AA150,"Leave") -> 4 | AA22: =COUNTIFS(Gulshan_Ravi!B23:B150,"<>",Gulshan_Ravi!AA23:AA150,"Late") -> 0 | AB22: =IF(X22+Y22+AA22=0,"-",TEXT((X22+AA22)/(X22+Y22+AA22),"0%")) -> 39% | AC22: =COUNTIFS(State_Life!B18:B150,"<>",State_Life!AA18:AA150,"Present") -> 2 | AD22: =COUNTIFS(State_Life!B18:B150,"<>",State_Life!AA18:AA150,"Absent") -> 13 | AE22: =COUNTIFS(State_Life!B18:B150,"<>",State_Life!AA18:AA150,"Leave") -> 1 | AF22: =COUNTIFS(State_Life!B18:B150,"<>",State_Life!AA18:AA150,"Late") -> 3 | AG22: =IF(AC22+AD22+AF22=0,"-",TEXT((AC22+AF22)/(AC22+AD22+AF22),"0%")) -> 28% | AH22: =D22+I22+N22+S22+X22+AC22 -> 39 | AI22: =E22+J22+O22+T22+Y22+AD22 -> 129 | AJ22: =F22+K22+P22+U22+Z22+AE22 -> 24 | AK22: =IF(AH22+AI22=0,"-",TEXT((AH22+(G22+L22+Q22+V22+AA22+AF22))/((D22+I22+N22+S22+X22+AC22)+(G22+L22+Q22+V22+AA22+AF22)+(E22+J22+O22+T22+Y22+AD22)),"0%")) -> 34%
A23: 20 | B23: 26 Jul 2026 | C23: Sunday | D23: =COUNTIFS(Gulberg!B26:B149,"<>",Gulberg!AB26:AB149,"Present") -> 8 | E23: =COUNTIFS(Gulberg!B26:B149,"<>",Gulberg!AB26:AB149,"Absent") -> 25 | F23: =COUNTIFS(Gulberg!B26:B149,"<>",Gulberg!AB26:AB149,"Leave") -> 5 | G23: =COUNTIFS(Gulberg!B26:B149,"<>",Gulberg!AB26:AB149,"Late") -> 13 | H23: =IF(D23+E23+G23=0,"-",TEXT((D23+G23)/(D23+E23+G23),"0%")) -> 46% | I23: =COUNTIFS(Gulshan_Iqbal!B21:B150,"<>",Gulshan_Iqbal!AB21:AB150,"Present") -> 3 | J23: =COUNTIFS(Gulshan_Iqbal!B21:B150,"<>",Gulshan_Iqbal!AB21:AB150,"Absent") -> 37 | K23: =COUNTIFS(Gulshan_Iqbal!B21:B150,"<>",Gulshan_Iqbal!AB21:AB150,"Leave") -> 3 | L23: =COUNTIFS(Gulshan_Iqbal!B21:B150,"<>",Gulshan_Iqbal!AB21:AB150,"Late") -> 9 | M23: =IF(I23+J23+L23=0,"-",TEXT((I23+L23)/(I23+J23+L23),"0%")) -> 24% | N23: =COUNTIFS(Griffin!B16:B152,"<>",Griffin!AB16:AB152,"Present") -> 0 | O23: =COUNTIFS(Griffin!B16:B152,"<>",Griffin!AB16:AB152,"Absent") -> 25 | P23: =COUNTIFS(Griffin!B16:B152,"<>",Griffin!AB16:AB152,"Leave") -> 4 | Q23: =COUNTIFS(Griffin!B16:B152,"<>",Griffin!AB16:AB152,"Late") -> 13 | R23: =IF(N23+O23+Q23=0,"-",TEXT((N23+Q23)/(N23+O23+Q23),"0%")) -> 34% | S23: =COUNTIFS(Johar_Town!B21:B164,"<>",Johar_Town!AB21:AB164,"Present") -> 6 | T23: =COUNTIFS(Johar_Town!B21:B164,"<>",Johar_Town!AB21:AB164,"Absent") -> 16 | U23: =COUNTIFS(Johar_Town!B21:B164,"<>",Johar_Town!AB21:AB164,"Leave") -> 4 | V23: =COUNTIFS(Johar_Town!B21:B164,"<>",Johar_Town!AB21:AB164,"Late") -> 9 | W23: =IF(S23+T23+V23=0,"-",TEXT((S23+V23)/(S23+T23+V23),"0%")) -> 48% | X23: =COUNTIFS(Gulshan_Ravi!B23:B150,"<>",Gulshan_Ravi!AB23:AB150,"Present") -> 10 | Y23: =COUNTIFS(Gulshan_Ravi!B23:B150,"<>",Gulshan_Ravi!AB23:AB150,"Absent") -> 13 | Z23: =COUNTIFS(Gulshan_Ravi!B23:B150,"<>",Gulshan_Ravi!AB23:AB150,"Leave") -> 1 | AA23: =COUNTIFS(Gulshan_Ravi!B23:B150,"<>",Gulshan_Ravi!AB23:AB150,"Late") -> 1 | AB23: =IF(X23+Y23+AA23=0,"-",TEXT((X23+AA23)/(X23+Y23+AA23),"0%")) -> 46% | AC23: =COUNTIFS(State_Life!B18:B150,"<>",State_Life!AB18:AB150,"Present") -> 0 | AD23: =COUNTIFS(State_Life!B18:B150,"<>",State_Life!AB18:AB150,"Absent") -> 4 | AE23: =COUNTIFS(State_Life!B18:B150,"<>",State_Life!AB18:AB150,"Leave") -> 1 | AF23: =COUNTIFS(State_Life!B18:B150,"<>",State_Life!AB18:AB150,"Late") -> 7 | AG23: =IF(AC23+AD23+AF23=0,"-",TEXT((AC23+AF23)/(AC23+AD23+AF23),"0%")) -> 64% | AH23: =D23+I23+N23+S23+X23+AC23 -> 27 | AI23: =E23+J23+O23+T23+Y23+AD23 -> 120 | AJ23: =F23+K23+P23+U23+Z23+AE23 -> 18 | AK23: =IF(AH23+AI23=0,"-",TEXT((AH23+(G23+L23+Q23+V23+AA23+AF23))/((D23+I23+N23+S23+X23+AC23)+(G23+L23+Q23+V23+AA23+AF23)+(E23+J23+O23+T23+Y23+AD23)),"0%")) -> 40%
A24: 21 | B24: 01 Aug 2026 | C24: Saturday | D24: =COUNTIFS(Gulberg!B26:B149,"<>",Gulberg!AC26:AC149,"Present") -> 0 | E24: =COUNTIFS(Gulberg!B26:B149,"<>",Gulberg!AC26:AC149,"Absent") -> 0 | F24: =COUNTIFS(Gulberg!B26:B149,"<>",Gulberg!AC26:AC149,"Leave") -> 0 | G24: =COUNTIFS(Gulberg!B26:B149,"<>",Gulberg!AC26:AC149,"Late") -> 0 | H24: =IF(D24+E24+G24=0,"-",TEXT((D24+G24)/(D24+E24+G24),"0%")) -> - | I24: =COUNTIFS(Gulshan_Iqbal!B21:B150,"<>",Gulshan_Iqbal!AC21:AC150,"Present") -> 0 | J24: =COUNTIFS(Gulshan_Iqbal!B21:B150,"<>",Gulshan_Iqbal!AC21:AC150,"Absent") -> 0 | K24: =COUNTIFS(Gulshan_Iqbal!B21:B150,"<>",Gulshan_Iqbal!AC21:AC150,"Leave") -> 1 | L24: =COUNTIFS(Gulshan_Iqbal!B21:B150,"<>",Gulshan_Iqbal!AC21:AC150,"Late") -> 0 | M24: =IF(I24+J24+L24=0,"-",TEXT((I24+L24)/(I24+J24+L24),"0%")) -> - | N24: =COUNTIFS(Griffin!B16:B152,"<>",Griffin!AC16:AC152,"Present") -> 0 | O24: =COUNTIFS(Griffin!B16:B152,"<>",Griffin!AC16:AC152,"Absent") -> 0 | P24: =COUNTIFS(Griffin!B16:B152,"<>",Griffin!AC16:AC152,"Leave") -> 0 | Q24: =COUNTIFS(Griffin!B16:B152,"<>",Griffin!AC16:AC152,"Late") -> 0 | R24: =IF(N24+O24+Q24=0,"-",TEXT((N24+Q24)/(N24+O24+Q24),"0%")) -> - | S24: =COUNTIFS(Johar_Town!B21:B164,"<>",Johar_Town!AC21:AC164,"Present") -> 0 | T24: =COUNTIFS(Johar_Town!B21:B164,"<>",Johar_Town!AC21:AC164,"Absent") -> 0 | U24: =COUNTIFS(Johar_Town!B21:B164,"<>",Johar_Town!AC21:AC164,"Leave") -> 0 | V24: =COUNTIFS(Johar_Town!B21:B164,"<>",Johar_Town!AC21:AC164,"Late") -> 0 | W24: =IF(S24+T24+V24=0,"-",TEXT((S24+V24)/(S24+T24+V24),"0%")) -> - | X24: =COUNTIFS(Gulshan_Ravi!B23:B150,"<>",Gulshan_Ravi!AC23:AC150,"Present") -> 0 | Y24: =COUNTIFS(Gulshan_Ravi!B23:B150,"<>",Gulshan_Ravi!AC23:AC150,"Absent") -> 0 | Z24: =COUNTIFS(Gulshan_Ravi!B23:B150,"<>",Gulshan_Ravi!AC23:AC150,"Leave") -> 0 | AA24: =COUNTIFS(Gulshan_Ravi!B23:B150,"<>",Gulshan_Ravi!AC23:AC150,"Late") -> 0 | AB24: =IF(X24+Y24+AA24=0,"-",TEXT((X24+AA24)/(X24+Y24+AA24),"0%")) -> - | AC24: =COUNTIFS(State_Life!B18:B150,"<>",State_Life!AC18:AC150,"Present") -> 0 | AD24: =COUNTIFS(State_Life!B18:B150,"<>",State_Life!AC18:AC150,"Absent") -> 0 | AE24: =COUNTIFS(State_Life!B18:B150,"<>",State_Life!AC18:AC150,"Leave") -> 0 | AF24: =COUNTIFS(State_Life!B18:B150,"<>",State_Life!AC18:AC150,"Late") -> 0 | AG24: =IF(AC24+AD24+AF24=0,"-",TEXT((AC24+AF24)/(AC24+AD24+AF24),"0%")) -> - | AH24: =D24+I24+N24+S24+X24+AC24 -> 0 | AI24: =E24+J24+O24+T24+Y24+AD24 -> 0 | AJ24: =F24+K24+P24+U24+Z24+AE24 -> 1 | AK24: =IF(AH24+AI24=0,"-",TEXT((AH24+(G24+L24+Q24+V24+AA24+AF24))/((D24+I24+N24+S24+X24+AC24)+(G24+L24+Q24+V24+AA24+AF24)+(E24+J24+O24+T24+Y24+AD24)),"0%")) -> -
A25: 22 | B25: 02 Aug 2026 | C25: Sunday | D25: =COUNTIFS(Gulberg!B26:B149,"<>",Gulberg!AD26:AD149,"Present") -> 0 | E25: =COUNTIFS(Gulberg!B26:B149,"<>",Gulberg!AD26:AD149,"Absent") -> 0 | F25: =COUNTIFS(Gulberg!B26:B149,"<>",Gulberg!AD26:AD149,"Leave") -> 0 | G25: =COUNTIFS(Gulberg!B26:B149,"<>",Gulberg!AD26:AD149,"Late") -> 0 | H25: =IF(D25+E25+G25=0,"-",TEXT((D25+G25)/(D25+E25+G25),"0%")) -> - | I25: =COUNTIFS(Gulshan_Iqbal!B21:B150,"<>",Gulshan_Iqbal!AD21:AD150,"Present") -> 0 | J25: =COUNTIFS(Gulshan_Iqbal!B21:B150,"<>",Gulshan_Iqbal!AD21:AD150,"Absent") -> 0 | K25: =COUNTIFS(Gulshan_Iqbal!B21:B150,"<>",Gulshan_Iqbal!AD21:AD150,"Leave") -> 1 | L25: =COUNTIFS(Gulshan_Iqbal!B21:B150,"<>",Gulshan_Iqbal!AD21:AD150,"Late") -> 0 | M25: =IF(I25+J25+L25=0,"-",TEXT((I25+L25)/(I25+J25+L25),"0%")) -> - | N25: =COUNTIFS(Griffin!B16:B152,"<>",Griffin!AD16:AD152,"Present") -> 0 | O25: =COUNTIFS(Griffin!B16:B152,"<>",Griffin!AD16:AD152,"Absent") -> 0 | P25: =COUNTIFS(Griffin!B16:B152,"<>",Griffin!AD16:AD152,"Leave") -> 0 | Q25: =COUNTIFS(Griffin!B16:B152,"<>",Griffin!AD16:AD152,"Late") -> 0 | R25: =IF(N25+O25+Q25=0,"-",TEXT((N25+Q25)/(N25+O25+Q25),"0%")) -> - | S25: =COUNTIFS(Johar_Town!B21:B164,"<>",Johar_Town!AD21:AD164,"Present") -> 0 | T25: =COUNTIFS(Johar_Town!B21:B164,"<>",Johar_Town!AD21:AD164,"Absent") -> 0 | U25: =COUNTIFS(Johar_Town!B21:B164,"<>",Johar_Town!AD21:AD164,"Leave") -> 0 | V25: =COUNTIFS(Johar_Town!B21:B164,"<>",Johar_Town!AD21:AD164,"Late") -> 0 | W25: =IF(S25+T25+V25=0,"-",TEXT((S25+V25)/(S25+T25+V25),"0%")) -> - | X25: =COUNTIFS(Gulshan_Ravi!B23:B150,"<>",Gulshan_Ravi!AD23:AD150,"Present") -> 0 | Y25: =COUNTIFS(Gulshan_Ravi!B23:B150,"<>",Gulshan_Ravi!AD23:AD150,"Absent") -> 0 | Z25: =COUNTIFS(Gulshan_Ravi!B23:B150,"<>",Gulshan_Ravi!AD23:AD150,"Leave") -> 0 | AA25: =COUNTIFS(Gulshan_Ravi!B23:B150,"<>",Gulshan_Ravi!AD23:AD150,"Late") -> 0 | AB25: =IF(X25+Y25+AA25=0,"-",TEXT((X25+AA25)/(X25+Y25+AA25),"0%")) -> - | AC25: =COUNTIFS(State_Life!B18:B150,"<>",State_Life!AD18:AD150,"Present") -> 0 | AD25: =COUNTIFS(State_Life!B18:B150,"<>",State_Life!AD18:AD150,"Absent") -> 0 | AE25: =COUNTIFS(State_Life!B18:B150,"<>",State_Life!AD18:AD150,"Leave") -> 0 | AF25: =COUNTIFS(State_Life!B18:B150,"<>",State_Life!AD18:AD150,"Late") -> 0 | AG25: =IF(AC25+AD25+AF25=0,"-",TEXT((AC25+AF25)/(AC25+AD25+AF25),"0%")) -> - | AH25: =D25+I25+N25+S25+X25+AC25 -> 0 | AI25: =E25+J25+O25+T25+Y25+AD25 -> 0 | AJ25: =F25+K25+P25+U25+Z25+AE25 -> 1 | AK25: =IF(AH25+AI25=0,"-",TEXT((AH25+(G25+L25+Q25+V25+AA25+AF25))/((D25+I25+N25+S25+X25+AC25)+(G25+L25+Q25+V25+AA25+AF25)+(E25+J25+O25+T25+Y25+AD25)),"0%")) -> -
A26: 23 | B26: 08 Aug 2026 | C26: Saturday | D26: =COUNTIFS(Gulberg!B26:B149,"<>",Gulberg!AE26:AE149,"Present") -> 0 | E26: =COUNTIFS(Gulberg!B26:B149,"<>",Gulberg!AE26:AE149,"Absent") -> 0 | F26: =COUNTIFS(Gulberg!B26:B149,"<>",Gulberg!AE26:AE149,"Leave") -> 0 | G26: =COUNTIFS(Gulberg!B26:B149,"<>",Gulberg!AE26:AE149,"Late") -> 0 | H26: =IF(D26+E26+G26=0,"-",TEXT((D26+G26)/(D26+E26+G26),"0%")) -> - | I26: =COUNTIFS(Gulshan_Iqbal!B21:B150,"<>",Gulshan_Iqbal!AE21:AE150,"Present") -> 0 | J26: =COUNTIFS(Gulshan_Iqbal!B21:B150,"<>",Gulshan_Iqbal!AE21:AE150,"Absent") -> 0 | K26: =COUNTIFS(Gulshan_Iqbal!B21:B150,"<>",Gulshan_Iqbal!AE21:AE150,"Leave") -> 1 | L26: =COUNTIFS(Gulshan_Iqbal!B21:B150,"<>",Gulshan_Iqbal!AE21:AE150,"Late") -> 0 | M26: =IF(I26+J26+L26=0,"-",TEXT((I26+L26)/(I26+J26+L26),"0%")) -> - | N26: =COUNTIFS(Griffin!B16:B152,"<>",Griffin!AE16:AE152,"Present") -> 0 | O26: =COUNTIFS(Griffin!B16:B152,"<>",Griffin!AE16:AE152,"Absent") -> 0 | P26: =COUNTIFS(Griffin!B16:B152,"<>",Griffin!AE16:AE152,"Leave") -> 0 | Q26: =COUNTIFS(Griffin!B16:B152,"<>",Griffin!AE16:AE152,"Late") -> 0 | R26: =IF(N26+O26+Q26=0,"-",TEXT((N26+Q26)/(N26+O26+Q26),"0%")) -> - | S26: =COUNTIFS(Johar_Town!B21:B164,"<>",Johar_Town!AE21:AE164,"Present") -> 0 | T26: =COUNTIFS(Johar_Town!B21:B164,"<>",Johar_Town!AE21:AE164,"Absent") -> 0 | U26: =COUNTIFS(Johar_Town!B21:B164,"<>",Johar_Town!AE21:AE164,"Leave") -> 0 | V26: =COUNTIFS(Johar_Town!B21:B164,"<>",Johar_Town!AE21:AE164,"Late") -> 0 | W26: =IF(S26+T26+V26=0,"-",TEXT((S26+V26)/(S26+T26+V26),"0%")) -> - | X26: =COUNTIFS(Gulshan_Ravi!B23:B150,"<>",Gulshan_Ravi!AE23:AE150,"Present") -> 0 | Y26: =COUNTIFS(Gulshan_Ravi!B23:B150,"<>",Gulshan_Ravi!AE23:AE150,"Absent") -> 0 | Z26: =COUNTIFS(Gulshan_Ravi!B23:B150,"<>",Gulshan_Ravi!AE23:AE150,"Leave") -> 0 | AA26: =COUNTIFS(Gulshan_Ravi!B23:B150,"<>",Gulshan_Ravi!AE23:AE150,"Late") -> 0 | AB26: =IF(X26+Y26+AA26=0,"-",TEXT((X26+AA26)/(X26+Y26+AA26),"0%")) -> - | AC26: =COUNTIFS(State_Life!B18:B150,"<>",State_Life!AE18:AE150,"Present") -> 0 | AD26: =COUNTIFS(State_Life!B18:B150,"<>",State_Life!AE18:AE150,"Absent") -> 0 | AE26: =COUNTIFS(State_Life!B18:B150,"<>",State_Life!AE18:AE150,"Leave") -> 0 | AF26: =COUNTIFS(State_Life!B18:B150,"<>",State_Life!AE18:AE150,"Late") -> 0 | AG26: =IF(AC26+AD26+AF26=0,"-",TEXT((AC26+AF26)/(AC26+AD26+AF26),"0%")) -> - | AH26: =D26+I26+N26+S26+X26+AC26 -> 0 | AI26: =E26+J26+O26+T26+Y26+AD26 -> 0 | AJ26: =F26+K26+P26+U26+Z26+AE26 -> 1 | AK26: =IF(AH26+AI26=0,"-",TEXT((AH26+(G26+L26+Q26+V26+AA26+AF26))/((D26+I26+N26+S26+X26+AC26)+(G26+L26+Q26+V26+AA26+AF26)+(E26+J26+O26+T26+Y26+AD26)),"0%")) -> -
A27: 24 | B27: 09 Aug 2026 | C27: Sunday | D27: =COUNTIFS(Gulberg!B26:B149,"<>",Gulberg!AF26:AF149,"Present") -> 0 | E27: =COUNTIFS(Gulberg!B26:B149,"<>",Gulberg!AF26:AF149,"Absent") -> 0 | F27: =COUNTIFS(Gulberg!B26:B149,"<>",Gulberg!AF26:AF149,"Leave") -> 0 | G27: =COUNTIFS(Gulberg!B26:B149,"<>",Gulberg!AF26:AF149,"Late") -> 0 | H27: =IF(D27+E27+G27=0,"-",TEXT((D27+G27)/(D27+E27+G27),"0%")) -> - | I27: =COUNTIFS(Gulshan_Iqbal!B21:B150,"<>",Gulshan_Iqbal!AF21:AF150,"Present") -> 0 | J27: =COUNTIFS(Gulshan_Iqbal!B21:B150,"<>",Gulshan_Iqbal!AF21:AF150,"Absent") -> 0 | K27: =COUNTIFS(Gulshan_Iqbal!B21:B150,"<>",Gulshan_Iqbal!AF21:AF150,"Leave") -> 1 | L27: =COUNTIFS(Gulshan_Iqbal!B21:B150,"<>",Gulshan_Iqbal!AF21:AF150,"Late") -> 0 | M27: =IF(I27+J27+L27=0,"-",TEXT((I27+L27)/(I27+J27+L27),"0%")) -> - | N27: =COUNTIFS(Griffin!B16:B152,"<>",Griffin!AF16:AF152,"Present") -> 0 | O27: =COUNTIFS(Griffin!B16:B152,"<>",Griffin!AF16:AF152,"Absent") -> 0 | P27: =COUNTIFS(Griffin!B16:B152,"<>",Griffin!AF16:AF152,"Leave") -> 0 | Q27: =COUNTIFS(Griffin!B16:B152,"<>",Griffin!AF16:AF152,"Late") -> 0 | R27: =IF(N27+O27+Q27=0,"-",TEXT((N27+Q27)/(N27+O27+Q27),"0%")) -> - | S27: =COUNTIFS(Johar_Town!B21:B164,"<>",Johar_Town!AF21:AF164,"Present") -> 0 | T27: =COUNTIFS(Johar_Town!B21:B164,"<>",Johar_Town!AF21:AF164,"Absent") -> 0 | U27: =COUNTIFS(Johar_Town!B21:B164,"<>",Johar_Town!AF21:AF164,"Leave") -> 0 | V27: =COUNTIFS(Johar_Town!B21:B164,"<>",Johar_Town!AF21:AF164,"Late") -> 0 | W27: =IF(S27+T27+V27=0,"-",TEXT((S27+V27)/(S27+T27+V27),"0%")) -> - | X27: =COUNTIFS(Gulshan_Ravi!B23:B150,"<>",Gulshan_Ravi!AF23:AF150,"Present") -> 0 | Y27: =COUNTIFS(Gulshan_Ravi!B23:B150,"<>",Gulshan_Ravi!AF23:AF150,"Absent") -> 0 | Z27: =COUNTIFS(Gulshan_Ravi!B23:B150,"<>",Gulshan_Ravi!AF23:AF150,"Leave") -> 0 | AA27: =COUNTIFS(Gulshan_Ravi!B23:B150,"<>",Gulshan_Ravi!AF23:AF150,"Late") -> 0 | AB27: =IF(X27+Y27+AA27=0,"-",TEXT((X27+AA27)/(X27+Y27+AA27),"0%")) -> - | AC27: =COUNTIFS(State_Life!B18:B150,"<>",State_Life!AF18:AF150,"Present") -> 0 | AD27: =COUNTIFS(State_Life!B18:B150,"<>",State_Life!AF18:AF150,"Absent") -> 0 | AE27: =COUNTIFS(State_Life!B18:B150,"<>",State_Life!AF18:AF150,"Leave") -> 0 | AF27: =COUNTIFS(State_Life!B18:B150,"<>",State_Life!AF18:AF150,"Late") -> 0 | AG27: =IF(AC27+AD27+AF27=0,"-",TEXT((AC27+AF27)/(AC27+AD27+AF27),"0%")) -> - | AH27: =D27+I27+N27+S27+X27+AC27 -> 0 | AI27: =E27+J27+O27+T27+Y27+AD27 -> 0 | AJ27: =F27+K27+P27+U27+Z27+AE27 -> 1 | AK27: =IF(AH27+AI27=0,"-",TEXT((AH27+(G27+L27+Q27+V27+AA27+AF27))/((D27+I27+N27+S27+X27+AC27)+(G27+L27+Q27+V27+AA27+AF27)+(E27+J27+O27+T27+Y27+AD27)),"0%")) -> -
A28: 25 | B28: 15 Aug 2026 | C28: Saturday | D28: =COUNTIFS(Gulberg!B26:B149,"<>",Gulberg!AG26:AG149,"Present") -> 0 | E28: =COUNTIFS(Gulberg!B26:B149,"<>",Gulberg!AG26:AG149,"Absent") -> 0 | F28: =COUNTIFS(Gulberg!B26:B149,"<>",Gulberg!AG26:AG149,"Leave") -> 0 | G28: =COUNTIFS(Gulberg!B26:B149,"<>",Gulberg!AG26:AG149,"Late") -> 0 | H28: =IF(D28+E28+G28=0,"-",TEXT((D28+G28)/(D28+E28+G28),"0%")) -> - | I28: =COUNTIFS(Gulshan_Iqbal!B21:B150,"<>",Gulshan_Iqbal!AG21:AG150,"Present") -> 0 | J28: =COUNTIFS(Gulshan_Iqbal!B21:B150,"<>",Gulshan_Iqbal!AG21:AG150,"Absent") -> 0 | K28: =COUNTIFS(Gulshan_Iqbal!B21:B150,"<>",Gulshan_Iqbal!AG21:AG150,"Leave") -> 1 | L28: =COUNTIFS(Gulshan_Iqbal!B21:B150,"<>",Gulshan_Iqbal!AG21:AG150,"Late") -> 0 | M28: =IF(I28+J28+L28=0,"-",TEXT((I28+L28)/(I28+J28+L28),"0%")) -> - | N28: =COUNTIFS(Griffin!B16:B152,"<>",Griffin!AG16:AG152,"Present") -> 0 | O28: =COUNTIFS(Griffin!B16:B152,"<>",Griffin!AG16:AG152,"Absent") -> 0 | P28: =COUNTIFS(Griffin!B16:B152,"<>",Griffin!AG16:AG152,"Leave") -> 0 | Q28: =COUNTIFS(Griffin!B16:B152,"<>",Griffin!AG16:AG152,"Late") -> 0 | R28: =IF(N28+O28+Q28=0,"-",TEXT((N28+Q28)/(N28+O28+Q28),"0%")) -> - | S28: =COUNTIFS(Johar_Town!B21:B164,"<>",Johar_Town!AG21:AG164,"Present") -> 0 | T28: =COUNTIFS(Johar_Town!B21:B164,"<>",Johar_Town!AG21:AG164,"Absent") -> 0 | U28: =COUNTIFS(Johar_Town!B21:B164,"<>",Johar_Town!AG21:AG164,"Leave") -> 0 | V28: =COUNTIFS(Johar_Town!B21:B164,"<>",Johar_Town!AG21:AG164,"Late") -> 0 | W28: =IF(S28+T28+V28=0,"-",TEXT((S28+V28)/(S28+T28+V28),"0%")) -> - | X28: =COUNTIFS(Gulshan_Ravi!B23:B150,"<>",Gulshan_Ravi!AG23:AG150,"Present") -> 0 | Y28: =COUNTIFS(Gulshan_Ravi!B23:B150,"<>",Gulshan_Ravi!AG23:AG150,"Absent") -> 0 | Z28: =COUNTIFS(Gulshan_Ravi!B23:B150,"<>",Gulshan_Ravi!AG23:AG150,"Leave") -> 0 | AA28: =COUNTIFS(Gulshan_Ravi!B23:B150,"<>",Gulshan_Ravi!AG23:AG150,"Late") -> 0 | AB28: =IF(X28+Y28+AA28=0,"-",TEXT((X28+AA28)/(X28+Y28+AA28),"0%")) -> - | AC28: =COUNTIFS(State_Life!B18:B150,"<>",State_Life!AG18:AG150,"Present") -> 0 | AD28: =COUNTIFS(State_Life!B18:B150,"<>",State_Life!AG18:AG150,"Absent") -> 0 | AE28: =COUNTIFS(State_Life!B18:B150,"<>",State_Life!AG18:AG150,"Leave") -> 0 | AF28: =COUNTIFS(State_Life!B18:B150,"<>",State_Life!AG18:AG150,"Late") -> 0 | AG28: =IF(AC28+AD28+AF28=0,"-",TEXT((AC28+AF28)/(AC28+AD28+AF28),"0%")) -> - | AH28: =D28+I28+N28+S28+X28+AC28 -> 0 | AI28: =E28+J28+O28+T28+Y28+AD28 -> 0 | AJ28: =F28+K28+P28+U28+Z28+AE28 -> 1 | AK28: =IF(AH28+AI28=0,"-",TEXT((AH28+(G28+L28+Q28+V28+AA28+AF28))/((D28+I28+N28+S28+X28+AC28)+(G28+L28+Q28+V28+AA28+AF28)+(E28+J28+O28+T28+Y28+AD28)),"0%")) -> -
A29: 26 | B29: 16 Aug 2026 | C29: Sunday | D29: =COUNTIFS(Gulberg!B26:B149,"<>",Gulberg!AH26:AH149,"Present") -> 0 | E29: =COUNTIFS(Gulberg!B26:B149,"<>",Gulberg!AH26:AH149,"Absent") -> 0 | F29: =COUNTIFS(Gulberg!B26:B149,"<>",Gulberg!AH26:AH149,"Leave") -> 0 | G29: =COUNTIFS(Gulberg!B26:B149,"<>",Gulberg!AH26:AH149,"Late") -> 0 | H29: =IF(D29+E29+G29=0,"-",TEXT((D29+G29)/(D29+E29+G29),"0%")) -> - | I29: =COUNTIFS(Gulshan_Iqbal!B21:B150,"<>",Gulshan_Iqbal!AH21:AH150,"Present") -> 0 | J29: =COUNTIFS(Gulshan_Iqbal!B21:B150,"<>",Gulshan_Iqbal!AH21:AH150,"Absent") -> 0 | K29: =COUNTIFS(Gulshan_Iqbal!B21:B150,"<>",Gulshan_Iqbal!AH21:AH150,"Leave") -> 1 | L29: =COUNTIFS(Gulshan_Iqbal!B21:B150,"<>",Gulshan_Iqbal!AH21:AH150,"Late") -> 0 | M29: =IF(I29+J29+L29=0,"-",TEXT((I29+L29)/(I29+J29+L29),"0%")) -> - | N29: =COUNTIFS(Griffin!B16:B152,"<>",Griffin!AH16:AH152,"Present") -> 0 | O29: =COUNTIFS(Griffin!B16:B152,"<>",Griffin!AH16:AH152,"Absent") -> 0 | P29: =COUNTIFS(Griffin!B16:B152,"<>",Griffin!AH16:AH152,"Leave") -> 0 | Q29: =COUNTIFS(Griffin!B16:B152,"<>",Griffin!AH16:AH152,"Late") -> 0 | R29: =IF(N29+O29+Q29=0,"-",TEXT((N29+Q29)/(N29+O29+Q29),"0%")) -> - | S29: =COUNTIFS(Johar_Town!B21:B164,"<>",Johar_Town!AH21:AH164,"Present") -> 0 | T29: =COUNTIFS(Johar_Town!B21:B164,"<>",Johar_Town!AH21:AH164,"Absent") -> 0 | U29: =COUNTIFS(Johar_Town!B21:B164,"<>",Johar_Town!AH21:AH164,"Leave") -> 0 | V29: =COUNTIFS(Johar_Town!B21:B164,"<>",Johar_Town!AH21:AH164,"Late") -> 0 | W29: =IF(S29+T29+V29=0,"-",TEXT((S29+V29)/(S29+T29+V29),"0%")) -> - | X29: =COUNTIFS(Gulshan_Ravi!B23:B150,"<>",Gulshan_Ravi!AH23:AH150,"Present") -> 0 | Y29: =COUNTIFS(Gulshan_Ravi!B23:B150,"<>",Gulshan_Ravi!AH23:AH150,"Absent") -> 0 | Z29: =COUNTIFS(Gulshan_Ravi!B23:B150,"<>",Gulshan_Ravi!AH23:AH150,"Leave") -> 0 | AA29: =COUNTIFS(Gulshan_Ravi!B23:B150,"<>",Gulshan_Ravi!AH23:AH150,"Late") -> 0 | AB29: =IF(X29+Y29+AA29=0,"-",TEXT((X29+AA29)/(X29+Y29+AA29),"0%")) -> - | AC29: =COUNTIFS(State_Life!B18:B150,"<>",State_Life!AH18:AH150,"Present") -> 0 | AD29: =COUNTIFS(State_Life!B18:B150,"<>",State_Life!AH18:AH150,"Absent") -> 0 | AE29: =COUNTIFS(State_Life!B18:B150,"<>",State_Life!AH18:AH150,"Leave") -> 0 | AF29: =COUNTIFS(State_Life!B18:B150,"<>",State_Life!AH18:AH150,"Late") -> 0 | AG29: =IF(AC29+AD29+AF29=0,"-",TEXT((AC29+AF29)/(AC29+AD29+AF29),"0%")) -> - | AH29: =D29+I29+N29+S29+X29+AC29 -> 0 | AI29: =E29+J29+O29+T29+Y29+AD29 -> 0 | AJ29: =F29+K29+P29+U29+Z29+AE29 -> 1 | AK29: =IF(AH29+AI29=0,"-",TEXT((AH29+(G29+L29+Q29+V29+AA29+AF29))/((D29+I29+N29+S29+X29+AC29)+(G29+L29+Q29+V29+AA29+AF29)+(E29+J29+O29+T29+Y29+AD29)),"0%")) -> -
A30: 27 | B30: 22 Aug 2026 | C30: Saturday | D30: =COUNTIFS(Gulberg!B26:B149,"<>",Gulberg!AI26:AI149,"Present") -> 0 | E30: =COUNTIFS(Gulberg!B26:B149,"<>",Gulberg!AI26:AI149,"Absent") -> 0 | F30: =COUNTIFS(Gulberg!B26:B149,"<>",Gulberg!AI26:AI149,"Leave") -> 0 | G30: =COUNTIFS(Gulberg!B26:B149,"<>",Gulberg!AI26:AI149,"Late") -> 0 | H30: =IF(D30+E30+G30=0,"-",TEXT((D30+G30)/(D30+E30+G30),"0%")) -> - | I30: =COUNTIFS(Gulshan_Iqbal!B21:B150,"<>",Gulshan_Iqbal!AI21:AI150,"Present") -> 0 | J30: =COUNTIFS(Gulshan_Iqbal!B21:B150,"<>",Gulshan_Iqbal!AI21:AI150,"Absent") -> 0 | K30: =COUNTIFS(Gulshan_Iqbal!B21:B150,"<>",Gulshan_Iqbal!AI21:AI150,"Leave") -> 1 | L30: =COUNTIFS(Gulshan_Iqbal!B21:B150,"<>",Gulshan_Iqbal!AI21:AI150,"Late") -> 0 | M30: =IF(I30+J30+L30=0,"-",TEXT((I30+L30)/(I30+J30+L30),"0%")) -> - | N30: =COUNTIFS(Griffin!B16:B152,"<>",Griffin!AI16:AI152,"Present") -> 0 | O30: =COUNTIFS(Griffin!B16:B152,"<>",Griffin!AI16:AI152,"Absent") -> 0 | P30: =COUNTIFS(Griffin!B16:B152,"<>",Griffin!AI16:AI152,"Leave") -> 0 | Q30: =COUNTIFS(Griffin!B16:B152,"<>",Griffin!AI16:AI152,"Late") -> 0 | R30: =IF(N30+O30+Q30=0,"-",TEXT((N30+Q30)/(N30+O30+Q30),"0%")) -> - | S30: =COUNTIFS(Johar_Town!B21:B164,"<>",Johar_Town!AI21:AI164,"Present") -> 0 | T30: =COUNTIFS(Johar_Town!B21:B164,"<>",Johar_Town!AI21:AI164,"Absent") -> 0 | U30: =COUNTIFS(Johar_Town!B21:B164,"<>",Johar_Town!AI21:AI164,"Leave") -> 0 | V30: =COUNTIFS(Johar_Town!B21:B164,"<>",Johar_Town!AI21:AI164,"Late") -> 0 | W30: =IF(S30+T30+V30=0,"-",TEXT((S30+V30)/(S30+T30+V30),"0%")) -> - | X30: =COUNTIFS(Gulshan_Ravi!B23:B150,"<>",Gulshan_Ravi!AI23:AI150,"Present") -> 0 | Y30: =COUNTIFS(Gulshan_Ravi!B23:B150,"<>",Gulshan_Ravi!AI23:AI150,"Absent") -> 0 | Z30: =COUNTIFS(Gulshan_Ravi!B23:B150,"<>",Gulshan_Ravi!AI23:AI150,"Leave") -> 0 | AA30: =COUNTIFS(Gulshan_Ravi!B23:B150,"<>",Gulshan_Ravi!AI23:AI150,"Late") -> 0 | AB30: =IF(X30+Y30+AA30=0,"-",TEXT((X30+AA30)/(X30+Y30+AA30),"0%")) -> - | AC30: =COUNTIFS(State_Life!B18:B150,"<>",State_Life!AI18:AI150,"Present") -> 0 | AD30: =COUNTIFS(State_Life!B18:B150,"<>",State_Life!AI18:AI150,"Absent") -> 0 | AE30: =COUNTIFS(State_Life!B18:B150,"<>",State_Life!AI18:AI150,"Leave") -> 0 | AF30: =COUNTIFS(State_Life!B18:B150,"<>",State_Life!AI18:AI150,"Late") -> 0 | AG30: =IF(AC30+AD30+AF30=0,"-",TEXT((AC30+AF30)/(AC30+AD30+AF30),"0%")) -> - | AH30: =D30+I30+N30+S30+X30+AC30 -> 0 | AI30: =E30+J30+O30+T30+Y30+AD30 -> 0 | AJ30: =F30+K30+P30+U30+Z30+AE30 -> 1 | AK30: =IF(AH30+AI30=0,"-",TEXT((AH30+(G30+L30+Q30+V30+AA30+AF30))/((D30+I30+N30+S30+X30+AC30)+(G30+L30+Q30+V30+AA30+AF30)+(E30+J30+O30+T30+Y30+AD30)),"0%")) -> -
A31: 28 | B31: 23 Aug 2026 | C31: Sunday | D31: =COUNTIFS(Gulberg!B26:B149,"<>",Gulberg!AJ26:AJ149,"Present") -> 0 | E31: =COUNTIFS(Gulberg!B26:B149,"<>",Gulberg!AJ26:AJ149,"Absent") -> 0 | F31: =COUNTIFS(Gulberg!B26:B149,"<>",Gulberg!AJ26:AJ149,"Leave") -> 0 | G31: =COUNTIFS(Gulberg!B26:B149,"<>",Gulberg!AJ26:AJ149,"Late") -> 0 | H31: =IF(D31+E31+G31=0,"-",TEXT((D31+G31)/(D31+E31+G31),"0%")) -> - | I31: =COUNTIFS(Gulshan_Iqbal!B21:B150,"<>",Gulshan_Iqbal!AJ21:AJ150,"Present") -> 0 | J31: =COUNTIFS(Gulshan_Iqbal!B21:B150,"<>",Gulshan_Iqbal!AJ21:AJ150,"Absent") -> 0 | K31: =COUNTIFS(Gulshan_Iqbal!B21:B150,"<>",Gulshan_Iqbal!AJ21:AJ150,"Leave") -> 1 | L31: =COUNTIFS(Gulshan_Iqbal!B21:B150,"<>",Gulshan_Iqbal!AJ21:AJ150,"Late") -> 0 | M31: =IF(I31+J31+L31=0,"-",TEXT((I31+L31)/(I31+J31+L31),"0%")) -> - | N31: =COUNTIFS(Griffin!B16:B152,"<>",Griffin!AJ16:AJ152,"Present") -> 0 | O31: =COUNTIFS(Griffin!B16:B152,"<>",Griffin!AJ16:AJ152,"Absent") -> 0 | P31: =COUNTIFS(Griffin!B16:B152,"<>",Griffin!AJ16:AJ152,"Leave") -> 0 | Q31: =COUNTIFS(Griffin!B16:B152,"<>",Griffin!AJ16:AJ152,"Late") -> 0 | R31: =IF(N31+O31+Q31=0,"-",TEXT((N31+Q31)/(N31+O31+Q31),"0%")) -> - | S31: =COUNTIFS(Johar_Town!B21:B164,"<>",Johar_Town!AJ21:AJ164,"Present") -> 0 | T31: =COUNTIFS(Johar_Town!B21:B164,"<>",Johar_Town!AJ21:AJ164,"Absent") -> 0 | U31: =COUNTIFS(Johar_Town!B21:B164,"<>",Johar_Town!AJ21:AJ164,"Leave") -> 0 | V31: =COUNTIFS(Johar_Town!B21:B164,"<>",Johar_Town!AJ21:AJ164,"Late") -> 0 | W31: =IF(S31+T31+V31=0,"-",TEXT((S31+V31)/(S31+T31+V31),"0%")) -> - | X31: =COUNTIFS(Gulshan_Ravi!B23:B150,"<>",Gulshan_Ravi!AJ23:AJ150,"Present") -> 0 | Y31: =COUNTIFS(Gulshan_Ravi!B23:B150,"<>",Gulshan_Ravi!AJ23:AJ150,"Absent") -> 0 | Z31: =COUNTIFS(Gulshan_Ravi!B23:B150,"<>",Gulshan_Ravi!AJ23:AJ150,"Leave") -> 0 | AA31: =COUNTIFS(Gulshan_Ravi!B23:B150,"<>",Gulshan_Ravi!AJ23:AJ150,"Late") -> 0 | AB31: =IF(X31+Y31+AA31=0,"-",TEXT((X31+AA31)/(X31+Y31+AA31),"0%")) -> - | AC31: =COUNTIFS(State_Life!B18:B150,"<>",State_Life!AJ18:AJ150,"Present") -> 0 | AD31: =COUNTIFS(State_Life!B18:B150,"<>",State_Life!AJ18:AJ150,"Absent") -> 0 | AE31: =COUNTIFS(State_Life!B18:B150,"<>",State_Life!AJ18:AJ150,"Leave") -> 0 | AF31: =COUNTIFS(State_Life!B18:B150,"<>",State_Life!AJ18:AJ150,"Late") -> 0 | AG31: =IF(AC31+AD31+AF31=0,"-",TEXT((AC31+AF31)/(AC31+AD31+AF31),"0%")) -> - | AH31: =D31+I31+N31+S31+X31+AC31 -> 0 | AI31: =E31+J31+O31+T31+Y31+AD31 -> 0 | AJ31: =F31+K31+P31+U31+Z31+AE31 -> 1 | AK31: =IF(AH31+AI31=0,"-",TEXT((AH31+(G31+L31+Q31+V31+AA31+AF31))/((D31+I31+N31+S31+X31+AC31)+(G31+L31+Q31+V31+AA31+AF31)+(E31+J31+O31+T31+Y31+AD31)),"0%")) -> -
A32: 29 | B32: 29 Aug 2026 | C32: Saturday | D32: =COUNTIFS(Gulberg!B26:B149,"<>",Gulberg!AK26:AK149,"Present") -> 0 | E32: =COUNTIFS(Gulberg!B26:B149,"<>",Gulberg!AK26:AK149,"Absent") -> 0 | F32: =COUNTIFS(Gulberg!B26:B149,"<>",Gulberg!AK26:AK149,"Leave") -> 0 | G32: =COUNTIFS(Gulberg!B26:B149,"<>",Gulberg!AK26:AK149,"Late") -> 0 | H32: =IF(D32+E32+G32=0,"-",TEXT((D32+G32)/(D32+E32+G32),"0%")) -> - | I32: =COUNTIFS(Gulshan_Iqbal!B21:B150,"<>",Gulshan_Iqbal!AK21:AK150,"Present") -> 0 | J32: =COUNTIFS(Gulshan_Iqbal!B21:B150,"<>",Gulshan_Iqbal!AK21:AK150,"Absent") -> 0 | K32: =COUNTIFS(Gulshan_Iqbal!B21:B150,"<>",Gulshan_Iqbal!AK21:AK150,"Leave") -> 1 | L32: =COUNTIFS(Gulshan_Iqbal!B21:B150,"<>",Gulshan_Iqbal!AK21:AK150,"Late") -> 0 | M32: =IF(I32+J32+L32=0,"-",TEXT((I32+L32)/(I32+J32+L32),"0%")) -> - | N32: =COUNTIFS(Griffin!B16:B152,"<>",Griffin!AK16:AK152,"Present") -> 0 | O32: =COUNTIFS(Griffin!B16:B152,"<>",Griffin!AK16:AK152,"Absent") -> 0 | P32: =COUNTIFS(Griffin!B16:B152,"<>",Griffin!AK16:AK152,"Leave") -> 0 | Q32: =COUNTIFS(Griffin!B16:B152,"<>",Griffin!AK16:AK152,"Late") -> 0 | R32: =IF(N32+O32+Q32=0,"-",TEXT((N32+Q32)/(N32+O32+Q32),"0%")) -> - | S32: =COUNTIFS(Johar_Town!B21:B164,"<>",Johar_Town!AK21:AK164,"Present") -> 0 | T32: =COUNTIFS(Johar_Town!B21:B164,"<>",Johar_Town!AK21:AK164,"Absent") -> 0 | U32: =COUNTIFS(Johar_Town!B21:B164,"<>",Johar_Town!AK21:AK164,"Leave") -> 0 | V32: =COUNTIFS(Johar_Town!B21:B164,"<>",Johar_Town!AK21:AK164,"Late") -> 0 | W32: =IF(S32+T32+V32=0,"-",TEXT((S32+V32)/(S32+T32+V32),"0%")) -> - | X32: =COUNTIFS(Gulshan_Ravi!B23:B150,"<>",Gulshan_Ravi!AK23:AK150,"Present") -> 0 | Y32: =COUNTIFS(Gulshan_Ravi!B23:B150,"<>",Gulshan_Ravi!AK23:AK150,"Absent") -> 0 | Z32: =COUNTIFS(Gulshan_Ravi!B23:B150,"<>",Gulshan_Ravi!AK23:AK150,"Leave") -> 0 | AA32: =COUNTIFS(Gulshan_Ravi!B23:B150,"<>",Gulshan_Ravi!AK23:AK150,"Late") -> 0 | AB32: =IF(X32+Y32+AA32=0,"-",TEXT((X32+AA32)/(X32+Y32+AA32),"0%")) -> - | AC32: =COUNTIFS(State_Life!B18:B150,"<>",State_Life!AK18:AK150,"Present") -> 0 | AD32: =COUNTIFS(State_Life!B18:B150,"<>",State_Life!AK18:AK150,"Absent") -> 0 | AE32: =COUNTIFS(State_Life!B18:B150,"<>",State_Life!AK18:AK150,"Leave") -> 0 | AF32: =COUNTIFS(State_Life!B18:B150,"<>",State_Life!AK18:AK150,"Late") -> 0 | AG32: =IF(AC32+AD32+AF32=0,"-",TEXT((AC32+AF32)/(AC32+AD32+AF32),"0%")) -> - | AH32: =D32+I32+N32+S32+X32+AC32 -> 0 | AI32: =E32+J32+O32+T32+Y32+AD32 -> 0 | AJ32: =F32+K32+P32+U32+Z32+AE32 -> 1 | AK32: =IF(AH32+AI32=0,"-",TEXT((AH32+(G32+L32+Q32+V32+AA32+AF32))/((D32+I32+N32+S32+X32+AC32)+(G32+L32+Q32+V32+AA32+AF32)+(E32+J32+O32+T32+Y32+AD32)),"0%")) -> -
A33: 30 | B33: 30 Aug 2026 | C33: Sunday | D33: =COUNTIFS(Gulberg!B26:B149,"<>",Gulberg!AL26:AL149,"Present") -> 0 | E33: =COUNTIFS(Gulberg!B26:B149,"<>",Gulberg!AL26:AL149,"Absent") -> 0 | F33: =COUNTIFS(Gulberg!B26:B149,"<>",Gulberg!AL26:AL149,"Leave") -> 0 | G33: =COUNTIFS(Gulberg!B26:B149,"<>",Gulberg!AL26:AL149,"Late") -> 0 | H33: =IF(D33+E33+G33=0,"-",TEXT((D33+G33)/(D33+E33+G33),"0%")) -> - | I33: =COUNTIFS(Gulshan_Iqbal!B21:B150,"<>",Gulshan_Iqbal!AL21:AL150,"Present") -> 0 | J33: =COUNTIFS(Gulshan_Iqbal!B21:B150,"<>",Gulshan_Iqbal!AL21:AL150,"Absent") -> 0 | K33: =COUNTIFS(Gulshan_Iqbal!B21:B150,"<>",Gulshan_Iqbal!AL21:AL150,"Leave") -> 1 | L33: =COUNTIFS(Gulshan_Iqbal!B21:B150,"<>",Gulshan_Iqbal!AL21:AL150,"Late") -> 0 | M33: =IF(I33+J33+L33=0,"-",TEXT((I33+L33)/(I33+J33+L33),"0%")) -> - | N33: =COUNTIFS(Griffin!B16:B152,"<>",Griffin!AL16:AL152,"Present") -> 0 | O33: =COUNTIFS(Griffin!B16:B152,"<>",Griffin!AL16:AL152,"Absent") -> 0 | P33: =COUNTIFS(Griffin!B16:B152,"<>",Griffin!AL16:AL152,"Leave") -> 0 | Q33: =COUNTIFS(Griffin!B16:B152,"<>",Griffin!AL16:AL152,"Late") -> 0 | R33: =IF(N33+O33+Q33=0,"-",TEXT((N33+Q33)/(N33+O33+Q33),"0%")) -> - | S33: =COUNTIFS(Johar_Town!B21:B164,"<>",Johar_Town!AL21:AL164,"Present") -> 0 | T33: =COUNTIFS(Johar_Town!B21:B164,"<>",Johar_Town!AL21:AL164,"Absent") -> 0 | U33: =COUNTIFS(Johar_Town!B21:B164,"<>",Johar_Town!AL21:AL164,"Leave") -> 0 | V33: =COUNTIFS(Johar_Town!B21:B164,"<>",Johar_Town!AL21:AL164,"Late") -> 0 | W33: =IF(S33+T33+V33=0,"-",TEXT((S33+V33)/(S33+T33+V33),"0%")) -> - | X33: =COUNTIFS(Gulshan_Ravi!B23:B150,"<>",Gulshan_Ravi!AL23:AL150,"Present") -> 0 | Y33: =COUNTIFS(Gulshan_Ravi!B23:B150,"<>",Gulshan_Ravi!AL23:AL150,"Absent") -> 0 | Z33: =COUNTIFS(Gulshan_Ravi!B23:B150,"<>",Gulshan_Ravi!AL23:AL150,"Leave") -> 0 | AA33: =COUNTIFS(Gulshan_Ravi!B23:B150,"<>",Gulshan_Ravi!AL23:AL150,"Late") -> 0 | AB33: =IF(X33+Y33+AA33=0,"-",TEXT((X33+AA33)/(X33+Y33+AA33),"0%")) -> - | AC33: =COUNTIFS(State_Life!B18:B150,"<>",State_Life!AL18:AL150,"Present") -> 0 | AD33: =COUNTIFS(State_Life!B18:B150,"<>",State_Life!AL18:AL150,"Absent") -> 0 | AE33: =COUNTIFS(State_Life!B18:B150,"<>",State_Life!AL18:AL150,"Leave") -> 0 | AF33: =COUNTIFS(State_Life!B18:B150,"<>",State_Life!AL18:AL150,"Late") -> 0 | AG33: =IF(AC33+AD33+AF33=0,"-",TEXT((AC33+AF33)/(AC33+AD33+AF33),"0%")) -> - | AH33: =D33+I33+N33+S33+X33+AC33 -> 0 | AI33: =E33+J33+O33+T33+Y33+AD33 -> 0 | AJ33: =F33+K33+P33+U33+Z33+AE33 -> 1 | AK33: =IF(AH33+AI33=0,"-",TEXT((AH33+(G33+L33+Q33+V33+AA33+AF33))/((D33+I33+N33+S33+X33+AC33)+(G33+L33+Q33+V33+AA33+AF33)+(E33+J33+O33+T33+Y33+AD33)),"0%")) -> -
A34: 31 | B34: 05 Sep 2026 | C34: Saturday | D34: =COUNTIFS(Gulberg!B26:B149,"<>",Gulberg!AM26:AM149,"Present") -> 0 | E34: =COUNTIFS(Gulberg!B26:B149,"<>",Gulberg!AM26:AM149,"Absent") -> 0 | F34: =COUNTIFS(Gulberg!B26:B149,"<>",Gulberg!AM26:AM149,"Leave") -> 0 | G34: =COUNTIFS(Gulberg!B26:B149,"<>",Gulberg!AM26:AM149,"Late") -> 0 | H34: =IF(D34+E34+G34=0,"-",TEXT((D34+G34)/(D34+E34+G34),"0%")) -> - | I34: =COUNTIFS(Gulshan_Iqbal!B21:B150,"<>",Gulshan_Iqbal!AM21:AM150,"Present") -> 0 | J34: =COUNTIFS(Gulshan_Iqbal!B21:B150,"<>",Gulshan_Iqbal!AM21:AM150,"Absent") -> 0 | K34: =COUNTIFS(Gulshan_Iqbal!B21:B150,"<>",Gulshan_Iqbal!AM21:AM150,"Leave") -> 0 | L34: =COUNTIFS(Gulshan_Iqbal!B21:B150,"<>",Gulshan_Iqbal!AM21:AM150,"Late") -> 0 | M34: =IF(I34+J34+L34=0,"-",TEXT((I34+L34)/(I34+J34+L34),"0%")) -> - | N34: =COUNTIFS(Griffin!B16:B152,"<>",Griffin!AM16:AM152,"Present") -> 0 | O34: =COUNTIFS(Griffin!B16:B152,"<>",Griffin!AM16:AM152,"Absent") -> 0 | P34: =COUNTIFS(Griffin!B16:B152,"<>",Griffin!AM16:AM152,"Leave") -> 0 | Q34: =COUNTIFS(Griffin!B16:B152,"<>",Griffin!AM16:AM152,"Late") -> 0 | R34: =IF(N34+O34+Q34=0,"-",TEXT((N34+Q34)/(N34+O34+Q34),"0%")) -> - | S34: =COUNTIFS(Johar_Town!B21:B164,"<>",Johar_Town!AM21:AM164,"Present") -> 0 | T34: =COUNTIFS(Johar_Town!B21:B164,"<>",Johar_Town!AM21:AM164,"Absent") -> 0 | U34: =COUNTIFS(Johar_Town!B21:B164,"<>",Johar_Town!AM21:AM164,"Leave") -> 0 | V34: =COUNTIFS(Johar_Town!B21:B164,"<>",Johar_Town!AM21:AM164,"Late") -> 0 | W34: =IF(S34+T34+V34=0,"-",TEXT((S34+V34)/(S34+T34+V34),"0%")) -> - | X34: =COUNTIFS(Gulshan_Ravi!B23:B150,"<>",Gulshan_Ravi!AM23:AM150,"Present") -> 0 | Y34: =COUNTIFS(Gulshan_Ravi!B23:B150,"<>",Gulshan_Ravi!AM23:AM150,"Absent") -> 0 | Z34: =COUNTIFS(Gulshan_Ravi!B23:B150,"<>",Gulshan_Ravi!AM23:AM150,"Leave") -> 0 | AA34: =COUNTIFS(Gulshan_Ravi!B23:B150,"<>",Gulshan_Ravi!AM23:AM150,"Late") -> 0 | AB34: =IF(X34+Y34+AA34=0,"-",TEXT((X34+AA34)/(X34+Y34+AA34),"0%")) -> - | AC34: =COUNTIFS(State_Life!B18:B150,"<>",State_Life!AM18:AM150,"Present") -> 0 | AD34: =COUNTIFS(State_Life!B18:B150,"<>",State_Life!AM18:AM150,"Absent") -> 0 | AE34: =COUNTIFS(State_Life!B18:B150,"<>",State_Life!AM18:AM150,"Leave") -> 0 | AF34: =COUNTIFS(State_Life!B18:B150,"<>",State_Life!AM18:AM150,"Late") -> 0 | AG34: =IF(AC34+AD34+AF34=0,"-",TEXT((AC34+AF34)/(AC34+AD34+AF34),"0%")) -> - | AH34: =D34+I34+N34+S34+X34+AC34 -> 0 | AI34: =E34+J34+O34+T34+Y34+AD34 -> 0 | AJ34: =F34+K34+P34+U34+Z34+AE34 -> 0 | AK34: =IF(AH34+AI34=0,"-",TEXT((AH34+(G34+L34+Q34+V34+AA34+AF34))/((D34+I34+N34+S34+X34+AC34)+(G34+L34+Q34+V34+AA34+AF34)+(E34+J34+O34+T34+Y34+AD34)),"0%")) -> -
A35: 32 | B35: 06 Sep 2026 | C35: Sunday | D35: =COUNTIFS(Gulberg!B26:B149,"<>",Gulberg!AN26:AN149,"Present") -> 0 | E35: =COUNTIFS(Gulberg!B26:B149,"<>",Gulberg!AN26:AN149,"Absent") -> 0 | F35: =COUNTIFS(Gulberg!B26:B149,"<>",Gulberg!AN26:AN149,"Leave") -> 0 | G35: =COUNTIFS(Gulberg!B26:B149,"<>",Gulberg!AN26:AN149,"Late") -> 0 | H35: =IF(D35+E35+G35=0,"-",TEXT((D35+G35)/(D35+E35+G35),"0%")) -> - | I35: =COUNTIFS(Gulshan_Iqbal!B21:B150,"<>",Gulshan_Iqbal!AN21:AN150,"Present") -> 0 | J35: =COUNTIFS(Gulshan_Iqbal!B21:B150,"<>",Gulshan_Iqbal!AN21:AN150,"Absent") -> 0 | K35: =COUNTIFS(Gulshan_Iqbal!B21:B150,"<>",Gulshan_Iqbal!AN21:AN150,"Leave") -> 0 | L35: =COUNTIFS(Gulshan_Iqbal!B21:B150,"<>",Gulshan_Iqbal!AN21:AN150,"Late") -> 0 | M35: =IF(I35+J35+L35=0,"-",TEXT((I35+L35)/(I35+J35+L35),"0%")) -> - | N35: =COUNTIFS(Griffin!B16:B152,"<>",Griffin!AN16:AN152,"Present") -> 0 | O35: =COUNTIFS(Griffin!B16:B152,"<>",Griffin!AN16:AN152,"Absent") -> 0 | P35: =COUNTIFS(Griffin!B16:B152,"<>",Griffin!AN16:AN152,"Leave") -> 0 | Q35: =COUNTIFS(Griffin!B16:B152,"<>",Griffin!AN16:AN152,"Late") -> 0 | R35: =IF(N35+O35+Q35=0,"-",TEXT((N35+Q35)/(N35+O35+Q35),"0%")) -> - | S35: =COUNTIFS(Johar_Town!B21:B164,"<>",Johar_Town!AN21:AN164,"Present") -> 0 | T35: =COUNTIFS(Johar_Town!B21:B164,"<>",Johar_Town!AN21:AN164,"Absent") -> 0 | U35: =COUNTIFS(Johar_Town!B21:B164,"<>",Johar_Town!AN21:AN164,"Leave") -> 0 | V35: =COUNTIFS(Johar_Town!B21:B164,"<>",Johar_Town!AN21:AN164,"Late") -> 0 | W35: =IF(S35+T35+V35=0,"-",TEXT((S35+V35)/(S35+T35+V35),"0%")) -> - | X35: =COUNTIFS(Gulshan_Ravi!B23:B150,"<>",Gulshan_Ravi!AN23:AN150,"Present") -> 0 | Y35: =COUNTIFS(Gulshan_Ravi!B23:B150,"<>",Gulshan_Ravi!AN23:AN150,"Absent") -> 0 | Z35: =COUNTIFS(Gulshan_Ravi!B23:B150,"<>",Gulshan_Ravi!AN23:AN150,"Leave") -> 0 | AA35: =COUNTIFS(Gulshan_Ravi!B23:B150,"<>",Gulshan_Ravi!AN23:AN150,"Late") -> 0 | AB35: =IF(X35+Y35+AA35=0,"-",TEXT((X35+AA35)/(X35+Y35+AA35),"0%")) -> - | AC35: =COUNTIFS(State_Life!B18:B150,"<>",State_Life!AN18:AN150,"Present") -> 0 | AD35: =COUNTIFS(State_Life!B18:B150,"<>",State_Life!AN18:AN150,"Absent") -> 0 | AE35: =COUNTIFS(State_Life!B18:B150,"<>",State_Life!AN18:AN150,"Leave") -> 0 | AF35: =COUNTIFS(State_Life!B18:B150,"<>",State_Life!AN18:AN150,"Late") -> 0 | AG35: =IF(AC35+AD35+AF35=0,"-",TEXT((AC35+AF35)/(AC35+AD35+AF35),"0%")) -> - | AH35: =D35+I35+N35+S35+X35+AC35 -> 0 | AI35: =E35+J35+O35+T35+Y35+AD35 -> 0 | AJ35: =F35+K35+P35+U35+Z35+AE35 -> 0 | AK35: =IF(AH35+AI35=0,"-",TEXT((AH35+(G35+L35+Q35+V35+AA35+AF35))/((D35+I35+N35+S35+X35+AC35)+(G35+L35+Q35+V35+AA35+AF35)+(E35+J35+O35+T35+Y35+AD35)),"0%")) -> -
A36: 33 | B36: 12 Sep 2026 | C36: Saturday | D36: =COUNTIFS(Gulberg!B26:B149,"<>",Gulberg!AO26:AO149,"Present") -> 0 | E36: =COUNTIFS(Gulberg!B26:B149,"<>",Gulberg!AO26:AO149,"Absent") -> 0 | F36: =COUNTIFS(Gulberg!B26:B149,"<>",Gulberg!AO26:AO149,"Leave") -> 0 | G36: =COUNTIFS(Gulberg!B26:B149,"<>",Gulberg!AO26:AO149,"Late") -> 0 | H36: =IF(D36+E36+G36=0,"-",TEXT((D36+G36)/(D36+E36+G36),"0%")) -> - | I36: =COUNTIFS(Gulshan_Iqbal!B21:B150,"<>",Gulshan_Iqbal!AO21:AO150,"Present") -> 0 | J36: =COUNTIFS(Gulshan_Iqbal!B21:B150,"<>",Gulshan_Iqbal!AO21:AO150,"Absent") -> 0 | K36: =COUNTIFS(Gulshan_Iqbal!B21:B150,"<>",Gulshan_Iqbal!AO21:AO150,"Leave") -> 0 | L36: =COUNTIFS(Gulshan_Iqbal!B21:B150,"<>",Gulshan_Iqbal!AO21:AO150,"Late") -> 0 | M36: =IF(I36+J36+L36=0,"-",TEXT((I36+L36)/(I36+J36+L36),"0%")) -> - | N36: =COUNTIFS(Griffin!B16:B152,"<>",Griffin!AO16:AO152,"Present") -> 0 | O36: =COUNTIFS(Griffin!B16:B152,"<>",Griffin!AO16:AO152,"Absent") -> 0 | P36: =COUNTIFS(Griffin!B16:B152,"<>",Griffin!AO16:AO152,"Leave") -> 0 | Q36: =COUNTIFS(Griffin!B16:B152,"<>",Griffin!AO16:AO152,"Late") -> 0 | R36: =IF(N36+O36+Q36=0,"-",TEXT((N36+Q36)/(N36+O36+Q36),"0%")) -> - | S36: =COUNTIFS(Johar_Town!B21:B164,"<>",Johar_Town!AO21:AO164,"Present") -> 0 | T36: =COUNTIFS(Johar_Town!B21:B164,"<>",Johar_Town!AO21:AO164,"Absent") -> 0 | U36: =COUNTIFS(Johar_Town!B21:B164,"<>",Johar_Town!AO21:AO164,"Leave") -> 0 | V36: =COUNTIFS(Johar_Town!B21:B164,"<>",Johar_Town!AO21:AO164,"Late") -> 0 | W36: =IF(S36+T36+V36=0,"-",TEXT((S36+V36)/(S36+T36+V36),"0%")) -> - | X36: =COUNTIFS(Gulshan_Ravi!B23:B150,"<>",Gulshan_Ravi!AO23:AO150,"Present") -> 0 | Y36: =COUNTIFS(Gulshan_Ravi!B23:B150,"<>",Gulshan_Ravi!AO23:AO150,"Absent") -> 0 | Z36: =COUNTIFS(Gulshan_Ravi!B23:B150,"<>",Gulshan_Ravi!AO23:AO150,"Leave") -> 0 | AA36: =COUNTIFS(Gulshan_Ravi!B23:B150,"<>",Gulshan_Ravi!AO23:AO150,"Late") -> 0 | AB36: =IF(X36+Y36+AA36=0,"-",TEXT((X36+AA36)/(X36+Y36+AA36),"0%")) -> - | AC36: =COUNTIFS(State_Life!B18:B150,"<>",State_Life!AO18:AO150,"Present") -> 0 | AD36: =COUNTIFS(State_Life!B18:B150,"<>",State_Life!AO18:AO150,"Absent") -> 0 | AE36: =COUNTIFS(State_Life!B18:B150,"<>",State_Life!AO18:AO150,"Leave") -> 0 | AF36: =COUNTIFS(State_Life!B18:B150,"<>",State_Life!AO18:AO150,"Late") -> 0 | AG36: =IF(AC36+AD36+AF36=0,"-",TEXT((AC36+AF36)/(AC36+AD36+AF36),"0%")) -> - | AH36: =D36+I36+N36+S36+X36+AC36 -> 0 | AI36: =E36+J36+O36+T36+Y36+AD36 -> 0 | AJ36: =F36+K36+P36+U36+Z36+AE36 -> 0 | AK36: =IF(AH36+AI36=0,"-",TEXT((AH36+(G36+L36+Q36+V36+AA36+AF36))/((D36+I36+N36+S36+X36+AC36)+(G36+L36+Q36+V36+AA36+AF36)+(E36+J36+O36+T36+Y36+AD36)),"0%")) -> -
A37: 34 | B37: 13 Sep 2026 | C37: Sunday | D37: =COUNTIFS(Gulberg!B26:B149,"<>",Gulberg!AP26:AP149,"Present") -> 0 | E37: =COUNTIFS(Gulberg!B26:B149,"<>",Gulberg!AP26:AP149,"Absent") -> 0 | F37: =COUNTIFS(Gulberg!B26:B149,"<>",Gulberg!AP26:AP149,"Leave") -> 0 | G37: =COUNTIFS(Gulberg!B26:B149,"<>",Gulberg!AP26:AP149,"Late") -> 0 | H37: =IF(D37+E37+G37=0,"-",TEXT((D37+G37)/(D37+E37+G37),"0%")) -> - | I37: =COUNTIFS(Gulshan_Iqbal!B21:B150,"<>",Gulshan_Iqbal!AP21:AP150,"Present") -> 0 | J37: =COUNTIFS(Gulshan_Iqbal!B21:B150,"<>",Gulshan_Iqbal!AP21:AP150,"Absent") -> 0 | K37: =COUNTIFS(Gulshan_Iqbal!B21:B150,"<>",Gulshan_Iqbal!AP21:AP150,"Leave") -> 0 | L37: =COUNTIFS(Gulshan_Iqbal!B21:B150,"<>",Gulshan_Iqbal!AP21:AP150,"Late") -> 0 | M37: =IF(I37+J37+L37=0,"-",TEXT((I37+L37)/(I37+J37+L37),"0%")) -> - | N37: =COUNTIFS(Griffin!B16:B152,"<>",Griffin!AP16:AP152,"Present") -> 0 | O37: =COUNTIFS(Griffin!B16:B152,"<>",Griffin!AP16:AP152,"Absent") -> 0 | P37: =COUNTIFS(Griffin!B16:B152,"<>",Griffin!AP16:AP152,"Leave") -> 0 | Q37: =COUNTIFS(Griffin!B16:B152,"<>",Griffin!AP16:AP152,"Late") -> 0 | R37: =IF(N37+O37+Q37=0,"-",TEXT((N37+Q37)/(N37+O37+Q37),"0%")) -> - | S37: =COUNTIFS(Johar_Town!B21:B164,"<>",Johar_Town!AP21:AP164,"Present") -> 0 | T37: =COUNTIFS(Johar_Town!B21:B164,"<>",Johar_Town!AP21:AP164,"Absent") -> 0 | U37: =COUNTIFS(Johar_Town!B21:B164,"<>",Johar_Town!AP21:AP164,"Leave") -> 0 | V37: =COUNTIFS(Johar_Town!B21:B164,"<>",Johar_Town!AP21:AP164,"Late") -> 0 | W37: =IF(S37+T37+V37=0,"-",TEXT((S37+V37)/(S37+T37+V37),"0%")) -> - | X37: =COUNTIFS(Gulshan_Ravi!B23:B150,"<>",Gulshan_Ravi!AP23:AP150,"Present") -> 0 | Y37: =COUNTIFS(Gulshan_Ravi!B23:B150,"<>",Gulshan_Ravi!AP23:AP150,"Absent") -> 0 | Z37: =COUNTIFS(Gulshan_Ravi!B23:B150,"<>",Gulshan_Ravi!AP23:AP150,"Leave") -> 0 | AA37: =COUNTIFS(Gulshan_Ravi!B23:B150,"<>",Gulshan_Ravi!AP23:AP150,"Late") -> 0 | AB37: =IF(X37+Y37+AA37=0,"-",TEXT((X37+AA37)/(X37+Y37+AA37),"0%")) -> - | AC37: =COUNTIFS(State_Life!B18:B150,"<>",State_Life!AP18:AP150,"Present") -> 0 | AD37: =COUNTIFS(State_Life!B18:B150,"<>",State_Life!AP18:AP150,"Absent") -> 0 | AE37: =COUNTIFS(State_Life!B18:B150,"<>",State_Life!AP18:AP150,"Leave") -> 0 | AF37: =COUNTIFS(State_Life!B18:B150,"<>",State_Life!AP18:AP150,"Late") -> 0 | AG37: =IF(AC37+AD37+AF37=0,"-",TEXT((AC37+AF37)/(AC37+AD37+AF37),"0%")) -> - | AH37: =D37+I37+N37+S37+X37+AC37 -> 0 | AI37: =E37+J37+O37+T37+Y37+AD37 -> 0 | AJ37: =F37+K37+P37+U37+Z37+AE37 -> 0 | AK37: =IF(AH37+AI37=0,"-",TEXT((AH37+(G37+L37+Q37+V37+AA37+AF37))/((D37+I37+N37+S37+X37+AC37)+(G37+L37+Q37+V37+AA37+AF37)+(E37+J37+O37+T37+Y37+AD37)),"0%")) -> -
A38: 35 | B38: 19 Sep 2026 | C38: Saturday | D38: =COUNTIFS(Gulberg!B26:B149,"<>",Gulberg!AQ26:AQ149,"Present") -> 0 | E38: =COUNTIFS(Gulberg!B26:B149,"<>",Gulberg!AQ26:AQ149,"Absent") -> 0 | F38: =COUNTIFS(Gulberg!B26:B149,"<>",Gulberg!AQ26:AQ149,"Leave") -> 0 | G38: =COUNTIFS(Gulberg!B26:B149,"<>",Gulberg!AQ26:AQ149,"Late") -> 0 | H38: =IF(D38+E38+G38=0,"-",TEXT((D38+G38)/(D38+E38+G38),"0%")) -> - | I38: =COUNTIFS(Gulshan_Iqbal!B21:B150,"<>",Gulshan_Iqbal!AQ21:AQ150,"Present") -> 0 | J38: =COUNTIFS(Gulshan_Iqbal!B21:B150,"<>",Gulshan_Iqbal!AQ21:AQ150,"Absent") -> 0 | K38: =COUNTIFS(Gulshan_Iqbal!B21:B150,"<>",Gulshan_Iqbal!AQ21:AQ150,"Leave") -> 0 | L38: =COUNTIFS(Gulshan_Iqbal!B21:B150,"<>",Gulshan_Iqbal!AQ21:AQ150,"Late") -> 0 | M38: =IF(I38+J38+L38=0,"-",TEXT((I38+L38)/(I38+J38+L38),"0%")) -> - | N38: =COUNTIFS(Griffin!B16:B152,"<>",Griffin!AQ16:AQ152,"Present") -> 0 | O38: =COUNTIFS(Griffin!B16:B152,"<>",Griffin!AQ16:AQ152,"Absent") -> 0 | P38: =COUNTIFS(Griffin!B16:B152,"<>",Griffin!AQ16:AQ152,"Leave") -> 0 | Q38: =COUNTIFS(Griffin!B16:B152,"<>",Griffin!AQ16:AQ152,"Late") -> 0 | R38: =IF(N38+O38+Q38=0,"-",TEXT((N38+Q38)/(N38+O38+Q38),"0%")) -> - | S38: =COUNTIFS(Johar_Town!B21:B164,"<>",Johar_Town!AQ21:AQ164,"Present") -> 0 | T38: =COUNTIFS(Johar_Town!B21:B164,"<>",Johar_Town!AQ21:AQ164,"Absent") -> 0 | U38: =COUNTIFS(Johar_Town!B21:B164,"<>",Johar_Town!AQ21:AQ164,"Leave") -> 0 | V38: =COUNTIFS(Johar_Town!B21:B164,"<>",Johar_Town!AQ21:AQ164,"Late") -> 0 | W38: =IF(S38+T38+V38=0,"-",TEXT((S38+V38)/(S38+T38+V38),"0%")) -> - | X38: =COUNTIFS(Gulshan_Ravi!B23:B150,"<>",Gulshan_Ravi!AQ23:AQ150,"Present") -> 0 | Y38: =COUNTIFS(Gulshan_Ravi!B23:B150,"<>",Gulshan_Ravi!AQ23:AQ150,"Absent") -> 0 | Z38: =COUNTIFS(Gulshan_Ravi!B23:B150,"<>",Gulshan_Ravi!AQ23:AQ150,"Leave") -> 0 | AA38: =COUNTIFS(Gulshan_Ravi!B23:B150,"<>",Gulshan_Ravi!AQ23:AQ150,"Late") -> 0 | AB38: =IF(X38+Y38+AA38=0,"-",TEXT((X38+AA38)/(X38+Y38+AA38),"0%")) -> - | AC38: =COUNTIFS(State_Life!B18:B150,"<>",State_Life!AQ18:AQ150,"Present") -> 0 | AD38: =COUNTIFS(State_Life!B18:B150,"<>",State_Life!AQ18:AQ150,"Absent") -> 0 | AE38: =COUNTIFS(State_Life!B18:B150,"<>",State_Life!AQ18:AQ150,"Leave") -> 0 | AF38: =COUNTIFS(State_Life!B18:B150,"<>",State_Life!AQ18:AQ150,"Late") -> 0 | AG38: =IF(AC38+AD38+AF38=0,"-",TEXT((AC38+AF38)/(AC38+AD38+AF38),"0%")) -> - | AH38: =D38+I38+N38+S38+X38+AC38 -> 0 | AI38: =E38+J38+O38+T38+Y38+AD38 -> 0 | AJ38: =F38+K38+P38+U38+Z38+AE38 -> 0 | AK38: =IF(AH38+AI38=0,"-",TEXT((AH38+(G38+L38+Q38+V38+AA38+AF38))/((D38+I38+N38+S38+X38+AC38)+(G38+L38+Q38+V38+AA38+AF38)+(E38+J38+O38+T38+Y38+AD38)),"0%")) -> -
A39: 36 | B39: 20 Sep 2026 | C39: Sunday | D39: =COUNTIFS(Gulberg!B26:B149,"<>",Gulberg!AR26:AR149,"Present") -> 0 | E39: =COUNTIFS(Gulberg!B26:B149,"<>",Gulberg!AR26:AR149,"Absent") -> 0 | F39: =COUNTIFS(Gulberg!B26:B149,"<>",Gulberg!AR26:AR149,"Leave") -> 0 | G39: =COUNTIFS(Gulberg!B26:B149,"<>",Gulberg!AR26:AR149,"Late") -> 0 | H39: =IF(D39+E39+G39=0,"-",TEXT((D39+G39)/(D39+E39+G39),"0%")) -> - | I39: =COUNTIFS(Gulshan_Iqbal!B21:B150,"<>",Gulshan_Iqbal!AR21:AR150,"Present") -> 0 | J39: =COUNTIFS(Gulshan_Iqbal!B21:B150,"<>",Gulshan_Iqbal!AR21:AR150,"Absent") -> 0 | K39: =COUNTIFS(Gulshan_Iqbal!B21:B150,"<>",Gulshan_Iqbal!AR21:AR150,"Leave") -> 0 | L39: =COUNTIFS(Gulshan_Iqbal!B21:B150,"<>",Gulshan_Iqbal!AR21:AR150,"Late") -> 0 | M39: =IF(I39+J39+L39=0,"-",TEXT((I39+L39)/(I39+J39+L39),"0%")) -> - | N39: =COUNTIFS(Griffin!B16:B152,"<>",Griffin!AR16:AR152,"Present") -> 0 | O39: =COUNTIFS(Griffin!B16:B152,"<>",Griffin!AR16:AR152,"Absent") -> 0 | P39: =COUNTIFS(Griffin!B16:B152,"<>",Griffin!AR16:AR152,"Leave") -> 0 | Q39: =COUNTIFS(Griffin!B16:B152,"<>",Griffin!AR16:AR152,"Late") -> 0 | R39: =IF(N39+O39+Q39=0,"-",TEXT((N39+Q39)/(N39+O39+Q39),"0%")) -> - | S39: =COUNTIFS(Johar_Town!B21:B164,"<>",Johar_Town!AR21:AR164,"Present") -> 0 | T39: =COUNTIFS(Johar_Town!B21:B164,"<>",Johar_Town!AR21:AR164,"Absent") -> 0 | U39: =COUNTIFS(Johar_Town!B21:B164,"<>",Johar_Town!AR21:AR164,"Leave") -> 0 | V39: =COUNTIFS(Johar_Town!B21:B164,"<>",Johar_Town!AR21:AR164,"Late") -> 0 | W39: =IF(S39+T39+V39=0,"-",TEXT((S39+V39)/(S39+T39+V39),"0%")) -> - | X39: =COUNTIFS(Gulshan_Ravi!B23:B150,"<>",Gulshan_Ravi!AR23:AR150,"Present") -> 0 | Y39: =COUNTIFS(Gulshan_Ravi!B23:B150,"<>",Gulshan_Ravi!AR23:AR150,"Absent") -> 0 | Z39: =COUNTIFS(Gulshan_Ravi!B23:B150,"<>",Gulshan_Ravi!AR23:AR150,"Leave") -> 0 | AA39: =COUNTIFS(Gulshan_Ravi!B23:B150,"<>",Gulshan_Ravi!AR23:AR150,"Late") -> 0 | AB39: =IF(X39+Y39+AA39=0,"-",TEXT((X39+AA39)/(X39+Y39+AA39),"0%")) -> - | AC39: =COUNTIFS(State_Life!B18:B150,"<>",State_Life!AR18:AR150,"Present") -> 0 | AD39: =COUNTIFS(State_Life!B18:B150,"<>",State_Life!AR18:AR150,"Absent") -> 0 | AE39: =COUNTIFS(State_Life!B18:B150,"<>",State_Life!AR18:AR150,"Leave") -> 0 | AF39: =COUNTIFS(State_Life!B18:B150,"<>",State_Life!AR18:AR150,"Late") -> 0 | AG39: =IF(AC39+AD39+AF39=0,"-",TEXT((AC39+AF39)/(AC39+AD39+AF39),"0%")) -> - | AH39: =D39+I39+N39+S39+X39+AC39 -> 0 | AI39: =E39+J39+O39+T39+Y39+AD39 -> 0 | AJ39: =F39+K39+P39+U39+Z39+AE39 -> 0 | AK39: =IF(AH39+AI39=0,"-",TEXT((AH39+(G39+L39+Q39+V39+AA39+AF39))/((D39+I39+N39+S39+X39+AC39)+(G39+L39+Q39+V39+AA39+AF39)+(E39+J39+O39+T39+Y39+AD39)),"0%")) -> -
A40: 37 | B40: 26 Sep 2026 | C40: Saturday | D40: =COUNTIFS(Gulberg!B26:B149,"<>",Gulberg!AS26:AS149,"Present") -> 0 | E40: =COUNTIFS(Gulberg!B26:B149,"<>",Gulberg!AS26:AS149,"Absent") -> 0 | F40: =COUNTIFS(Gulberg!B26:B149,"<>",Gulberg!AS26:AS149,"Leave") -> 0 | G40: =COUNTIFS(Gulberg!B26:B149,"<>",Gulberg!AS26:AS149,"Late") -> 0 | H40: =IF(D40+E40+G40=0,"-",TEXT((D40+G40)/(D40+E40+G40),"0%")) -> - | I40: =COUNTIFS(Gulshan_Iqbal!B21:B150,"<>",Gulshan_Iqbal!AS21:AS150,"Present") -> 0 | J40: =COUNTIFS(Gulshan_Iqbal!B21:B150,"<>",Gulshan_Iqbal!AS21:AS150,"Absent") -> 0 | K40: =COUNTIFS(Gulshan_Iqbal!B21:B150,"<>",Gulshan_Iqbal!AS21:AS150,"Leave") -> 0 | L40: =COUNTIFS(Gulshan_Iqbal!B21:B150,"<>",Gulshan_Iqbal!AS21:AS150,"Late") -> 0 | M40: =IF(I40+J40+L40=0,"-",TEXT((I40+L40)/(I40+J40+L40),"0%")) -> - | N40: =COUNTIFS(Griffin!B16:B152,"<>",Griffin!AS16:AS152,"Present") -> 0 | O40: =COUNTIFS(Griffin!B16:B152,"<>",Griffin!AS16:AS152,"Absent") -> 0 | P40: =COUNTIFS(Griffin!B16:B152,"<>",Griffin!AS16:AS152,"Leave") -> 0 | Q40: =COUNTIFS(Griffin!B16:B152,"<>",Griffin!AS16:AS152,"Late") -> 0 | R40: =IF(N40+O40+Q40=0,"-",TEXT((N40+Q40)/(N40+O40+Q40),"0%")) -> - | S40: =COUNTIFS(Johar_Town!B21:B164,"<>",Johar_Town!AS21:AS164,"Present") -> 0 | T40: =COUNTIFS(Johar_Town!B21:B164,"<>",Johar_Town!AS21:AS164,"Absent") -> 0 | U40: =COUNTIFS(Johar_Town!B21:B164,"<>",Johar_Town!AS21:AS164,"Leave") -> 0 | V40: =COUNTIFS(Johar_Town!B21:B164,"<>",Johar_Town!AS21:AS164,"Late") -> 0 | W40: =IF(S40+T40+V40=0,"-",TEXT((S40+V40)/(S40+T40+V40),"0%")) -> - | X40: =COUNTIFS(Gulshan_Ravi!B23:B150,"<>",Gulshan_Ravi!AS23:AS150,"Present") -> 0 | Y40: =COUNTIFS(Gulshan_Ravi!B23:B150,"<>",Gulshan_Ravi!AS23:AS150,"Absent") -> 0 | Z40: =COUNTIFS(Gulshan_Ravi!B23:B150,"<>",Gulshan_Ravi!AS23:AS150,"Leave") -> 0 | AA40: =COUNTIFS(Gulshan_Ravi!B23:B150,"<>",Gulshan_Ravi!AS23:AS150,"Late") -> 0 | AB40: =IF(X40+Y40+AA40=0,"-",TEXT((X40+AA40)/(X40+Y40+AA40),"0%")) -> - | AC40: =COUNTIFS(State_Life!B18:B150,"<>",State_Life!AS18:AS150,"Present") -> 0 | AD40: =COUNTIFS(State_Life!B18:B150,"<>",State_Life!AS18:AS150,"Absent") -> 0 | AE40: =COUNTIFS(State_Life!B18:B150,"<>",State_Life!AS18:AS150,"Leave") -> 0 | AF40: =COUNTIFS(State_Life!B18:B150,"<>",State_Life!AS18:AS150,"Late") -> 0 | AG40: =IF(AC40+AD40+AF40=0,"-",TEXT((AC40+AF40)/(AC40+AD40+AF40),"0%")) -> - | AH40: =D40+I40+N40+S40+X40+AC40 -> 0 | AI40: =E40+J40+O40+T40+Y40+AD40 -> 0 | AJ40: =F40+K40+P40+U40+Z40+AE40 -> 0 | AK40: =IF(AH40+AI40=0,"-",TEXT((AH40+(G40+L40+Q40+V40+AA40+AF40))/((D40+I40+N40+S40+X40+AC40)+(G40+L40+Q40+V40+AA40+AF40)+(E40+J40+O40+T40+Y40+AD40)),"0%")) -> -
A41: 38 | B41: 27 Sep 2026 | C41: Sunday | D41: =COUNTIFS(Gulberg!B26:B149,"<>",Gulberg!AT26:AT149,"Present") -> 0 | E41: =COUNTIFS(Gulberg!B26:B149,"<>",Gulberg!AT26:AT149,"Absent") -> 0 | F41: =COUNTIFS(Gulberg!B26:B149,"<>",Gulberg!AT26:AT149,"Leave") -> 0 | G41: =COUNTIFS(Gulberg!B26:B149,"<>",Gulberg!AT26:AT149,"Late") -> 0 | H41: =IF(D41+E41+G41=0,"-",TEXT((D41+G41)/(D41+E41+G41),"0%")) -> - | I41: =COUNTIFS(Gulshan_Iqbal!B21:B150,"<>",Gulshan_Iqbal!AT21:AT150,"Present") -> 0 | J41: =COUNTIFS(Gulshan_Iqbal!B21:B150,"<>",Gulshan_Iqbal!AT21:AT150,"Absent") -> 0 | K41: =COUNTIFS(Gulshan_Iqbal!B21:B150,"<>",Gulshan_Iqbal!AT21:AT150,"Leave") -> 0 | L41: =COUNTIFS(Gulshan_Iqbal!B21:B150,"<>",Gulshan_Iqbal!AT21:AT150,"Late") -> 0 | M41: =IF(I41+J41+L41=0,"-",TEXT((I41+L41)/(I41+J41+L41),"0%")) -> - | N41: =COUNTIFS(Griffin!B16:B152,"<>",Griffin!AT16:AT152,"Present") -> 0 | O41: =COUNTIFS(Griffin!B16:B152,"<>",Griffin!AT16:AT152,"Absent") -> 0 | P41: =COUNTIFS(Griffin!B16:B152,"<>",Griffin!AT16:AT152,"Leave") -> 0 | Q41: =COUNTIFS(Griffin!B16:B152,"<>",Griffin!AT16:AT152,"Late") -> 0 | R41: =IF(N41+O41+Q41=0,"-",TEXT((N41+Q41)/(N41+O41+Q41),"0%")) -> - | S41: =COUNTIFS(Johar_Town!B21:B164,"<>",Johar_Town!AT21:AT164,"Present") -> 0 | T41: =COUNTIFS(Johar_Town!B21:B164,"<>",Johar_Town!AT21:AT164,"Absent") -> 0 | U41: =COUNTIFS(Johar_Town!B21:B164,"<>",Johar_Town!AT21:AT164,"Leave") -> 0 | V41: =COUNTIFS(Johar_Town!B21:B164,"<>",Johar_Town!AT21:AT164,"Late") -> 0 | W41: =IF(S41+T41+V41=0,"-",TEXT((S41+V41)/(S41+T41+V41),"0%")) -> - | X41: =COUNTIFS(Gulshan_Ravi!B23:B150,"<>",Gulshan_Ravi!AT23:AT150,"Present") -> 0 | Y41: =COUNTIFS(Gulshan_Ravi!B23:B150,"<>",Gulshan_Ravi!AT23:AT150,"Absent") -> 0 | Z41: =COUNTIFS(Gulshan_Ravi!B23:B150,"<>",Gulshan_Ravi!AT23:AT150,"Leave") -> 0 | AA41: =COUNTIFS(Gulshan_Ravi!B23:B150,"<>",Gulshan_Ravi!AT23:AT150,"Late") -> 0 | AB41: =IF(X41+Y41+AA41=0,"-",TEXT((X41+AA41)/(X41+Y41+AA41),"0%")) -> - | AC41: =COUNTIFS(State_Life!B18:B150,"<>",State_Life!AT18:AT150,"Present") -> 0 | AD41: =COUNTIFS(State_Life!B18:B150,"<>",State_Life!AT18:AT150,"Absent") -> 0 | AE41: =COUNTIFS(State_Life!B18:B150,"<>",State_Life!AT18:AT150,"Leave") -> 0 | AF41: =COUNTIFS(State_Life!B18:B150,"<>",State_Life!AT18:AT150,"Late") -> 0 | AG41: =IF(AC41+AD41+AF41=0,"-",TEXT((AC41+AF41)/(AC41+AD41+AF41),"0%")) -> - | AH41: =D41+I41+N41+S41+X41+AC41 -> 0 | AI41: =E41+J41+O41+T41+Y41+AD41 -> 0 | AJ41: =F41+K41+P41+U41+Z41+AE41 -> 0 | AK41: =IF(AH41+AI41=0,"-",TEXT((AH41+(G41+L41+Q41+V41+AA41+AF41))/((D41+I41+N41+S41+X41+AC41)+(G41+L41+Q41+V41+AA41+AF41)+(E41+J41+O41+T41+Y41+AD41)),"0%")) -> -
